hour,day,month,year,day_of_week,fix_lat,fix_lon,minute,crime_occurrence
0.0,0.0,0.0,0.0,0.0,-1.6770509831248819,-1.6770509844432941,0.0,1.0
0.0,0.0,0.0,0.0,0.0,-1.6770509831248819,-1.5652475636821188,0.0,1.0
0.0,0.0,0.0,0.0,0.0,-1.6770509831248819,-1.4534442083158476,0.0,1.0
0.0,0.0,0.0,0.0,0.0,-1.6770509831248819,-1.3416407875546725,0.0,1.0
0.0,0.0,0.0,0.0,0.0,-1.6770509831248819,-1.2298373667934972,0.0,1.0
0.0,0.0,0.0,0.0,0.0,-1.6770509831248819,-1.118034011427133,0.0,1.0
0.0,0.0,0.0,0.0,0.0,-1.6770509831248819,-1.0062305906659579,0.0,1.0
0.0,0.0,0.0,0.0,0.0,-1.6770509831248819,-0.8944271699047827,0.0,1.0
0.0,0.0,0.0,0.0,0.0,-1.6770509831248819,-0.7826238145385115,0.0,1.0
0.0,0.0,0.0,0.0,0.0,-1.6770509831248819,-0.6708203937773363,0.0,1.0
0.0,0.0,0.0,0.0,0.0,-1.6770509831248819,-0.5590169730161609,0.0,1.0
0.0,0.0,0.0,0.0,0.0,-1.6770509831248819,-0.4472136176497969,0.0,1.0
0.0,0.0,0.0,0.0,0.0,-1.6770509831248819,-0.3354101968887146,0.0,1.0
0.0,0.0,0.0,0.0,0.0,-1.6770509831248819,-0.22360677612753935,0.0,1.0
0.0,0.0,0.0,0.0,0.0,-1.6770509831248819,-0.11180342076117523,0.0,1.0
0.0,0.0,0.0,0.0,0.0,-1.6770509831248819,0.0,0.0,1.0
0.0,0.0,0.0,0.0,0.0,-1.6770509831248819,0.11180342076117523,0.0,1.0
0.0,0.0,0.0,0.0,0.0,-1.6770509831248819,0.2236067761274464,0.0,1.0
0.0,0.0,0.0,0.0,0.0,-1.6770509831248819,0.3354101968886216,0.0,1.0
0.0,0.0,0.0,0.0,0.0,-1.6770509831248819,0.4472136176497969,0.0,1.0
0.0,0.0,0.0,0.0,0.0,-1.6770509831248819,0.5590169730161609,0.0,1.0
0.0,0.0,0.0,0.0,0.0,-1.6770509831248819,0.6708203937773363,0.0,1.0
0.0,0.0,0.0,0.0,0.0,-1.6770509831248819,0.7826238145385115,0.0,1.0
0.0,0.0,0.0,0.0,0.0,-1.6770509831248819,0.8944271699047827,0.0,1.0
0.0,0.0,0.0,0.0,0.0,-1.6770509831248819,1.0062305906659579,0.0,1.0
0.0,0.0,0.0,0.0,0.0,-1.6770509831248819,1.118034011427133,0.0,1.0
0.0,0.0,0.0,0.0,0.0,-1.6770509831248819,1.2298373667934042,0.0,1.0
0.0,0.0,0.0,0.0,0.0,-1.6770509831248819,1.3416407875545795,0.0,1.0
0.0,0.0,0.0,0.0,0.0,-1.6770509831248819,1.4534442083157548,0.0,1.0
0.0,0.0,0.0,0.0,0.0,-1.6770509831248819,1.5652475636821188,0.0,1.0
0.0,0.0,0.0,0.0,0.0,-1.6770509831248819,1.6770509844432941,0.0,1.0
0.0,0.0,0.0,0.0,0.0,-1.5652475842498748,-1.6770509844432941,0.0,1.0
0.0,0.0,0.0,0.0,0.0,-1.5652475842498748,-1.5652475636821188,0.0,1.0
0.0,0.0,0.0,0.0,0.0,-1.5652475842498748,-1.4534442083158476,0.0,1.0
0.0,0.0,0.0,0.0,0.0,-1.5652475842498748,-1.3416407875546725,0.0,1.0
0.0,0.0,0.0,0.0,0.0,-1.5652475842498748,-1.2298373667934972,0.0,1.0
0.0,0.0,0.0,0.0,0.0,-1.5652475842498748,-1.118034011427133,0.0,1.0
0.0,0.0,0.0,0.0,0.0,-1.5652475842498748,-1.0062305906659579,0.0,1.0
0.0,0.0,0.0,0.0,0.0,-1.5652475842498748,-0.8944271699047827,0.0,1.0
0.0,0.0,0.0,0.0,0.0,-1.5652475842498748,-0.7826238145385115,0.0,1.0
0.0,0.0,0.0,0.0,0.0,-1.5652475842498748,-0.6708203937773363,0.0,1.0
0.0,0.0,0.0,0.0,0.0,-1.5652475842498748,-0.5590169730161609,0.0,1.0
0.0,0.0,0.0,0.0,0.0,-1.5652475842498748,-0.4472136176497969,0.0,1.0
0.0,0.0,0.0,0.0,0.0,-1.5652475842498748,-0.3354101968887146,0.0,1.0
0.0,0.0,0.0,0.0,0.0,-1.5652475842498748,-0.22360677612753935,0.0,1.0
0.0,0.0,0.0,0.0,0.0,-1.5652475842498748,-0.11180342076117523,0.0,1.0
0.0,0.0,0.0,0.0,0.0,-1.5652475842498748,0.0,0.0,1.0
0.0,0.0,0.0,0.0,0.0,-1.5652475842498748,0.11180342076117523,0.0,1.0
0.0,0.0,0.0,0.0,0.0,-1.5652475842498748,0.2236067761274464,0.0,1.0
0.0,0.0,0.0,0.0,0.0,-1.5652475842498748,0.3354101968886216,0.0,1.0
0.0,0.0,0.0,0.0,0.0,-1.5652475842498748,0.4472136176497969,0.0,1.0
0.0,0.0,0.0,0.0,0.0,-1.5652475842498748,0.5590169730161609,0.0,1.0
0.0,0.0,0.0,0.0,0.0,-1.5652475842498748,0.6708203937773363,0.0,1.0
0.0,0.0,0.0,0.0,0.0,-1.5652475842498748,0.7826238145385115,0.0,1.0
0.0,0.0,0.0,0.0,0.0,-1.5652475842498748,0.8944271699047827,0.0,1.0
0.0,0.0,0.0,0.0,0.0,-1.5652475842498748,1.0062305906659579,0.0,1.0
0.0,0.0,0.0,0.0,0.0,-1.5652475842498748,1.118034011427133,0.0,1.0
0.0,0.0,0.0,0.0,0.0,-1.5652475842498748,1.2298373667934042,0.0,1.0
0.0,0.0,0.0,0.0,0.0,-1.5652475842498748,1.3416407875545795,0.0,1.0
0.0,0.0,0.0,0.0,0.0,-1.5652475842498748,1.4534442083157548,0.0,1.0
0.0,0.0,0.0,0.0,0.0,-1.5652475842498748,1.5652475636821188,0.0,1.0
0.0,0.0,0.0,0.0,0.0,-1.5652475842498748,1.6770509844432941,0.0,1.0
0.0,0.0,0.0,0.0,0.0,-1.4534441853749052,-1.6770509844432941,0.0,1.0
0.0,0.0,0.0,0.0,0.0,-1.4534441853749052,-1.5652475636821188,0.0,1.0
0.0,0.0,0.0,0.0,0.0,-1.4534441853749052,-1.4534442083158476,0.0,1.0
0.0,0.0,0.0,0.0,0.0,-1.4534441853749052,-1.3416407875546725,0.0,1.0
0.0,0.0,0.0,0.0,0.0,-1.4534441853749052,-1.2298373667934972,0.0,1.0
0.0,0.0,0.0,0.0,0.0,-1.4534441853749052,-1.118034011427133,0.0,1.0
0.0,0.0,0.0,0.0,0.0,-1.4534441853749052,-1.0062305906659579,0.0,1.0
0.0,0.0,0.0,0.0,0.0,-1.4534441853749052,-0.8944271699047827,0.0,1.0
0.0,0.0,0.0,0.0,0.0,-1.4534441853749052,-0.7826238145385115,0.0,1.0
0.0,0.0,0.0,0.0,0.0,-1.4534441853749052,-0.6708203937773363,0.0,1.0
0.0,0.0,0.0,0.0,0.0,-1.4534441853749052,-0.5590169730161609,0.0,1.0
0.0,0.0,0.0,0.0,0.0,-1.4534441853749052,-0.4472136176497969,0.0,1.0
0.0,0.0,0.0,0.0,0.0,-1.4534441853749052,-0.3354101968887146,0.0,1.0
0.0,0.0,0.0,0.0,0.0,-1.4534441853749052,-0.22360677612753935,0.0,1.0
0.0,0.0,0.0,0.0,0.0,-1.4534441853749052,-0.11180342076117523,0.0,1.0
0.0,0.0,0.0,0.0,0.0,-1.4534441853749052,0.0,0.0,1.0
0.0,0.0,0.0,0.0,0.0,-1.4534441853749052,0.11180342076117523,0.0,1.0
0.0,0.0,0.0,0.0,0.0,-1.4534441853749052,0.2236067761274464,0.0,1.0
0.0,0.0,0.0,0.0,0.0,-1.4534441853749052,0.3354101968886216,0.0,1.0
0.0,0.0,0.0,0.0,0.0,-1.4534441853749052,0.4472136176497969,0.0,1.0
0.0,0.0,0.0,0.0,0.0,-1.4534441853749052,0.5590169730161609,0.0,1.0
0.0,0.0,0.0,0.0,0.0,-1.4534441853749052,0.6708203937773363,0.0,1.0
0.0,0.0,0.0,0.0,0.0,-1.4534441853749052,0.7826238145385115,0.0,1.0
0.0,0.0,0.0,0.0,0.0,-1.4534441853749052,0.8944271699047827,0.0,1.0
0.0,0.0,0.0,0.0,0.0,-1.4534441853749052,1.0062305906659579,0.0,1.0
0.0,0.0,0.0,0.0,0.0,-1.4534441853749052,1.118034011427133,0.0,1.0
0.0,0.0,0.0,0.0,0.0,-1.4534441853749052,1.2298373667934042,0.0,1.0
0.0,0.0,0.0,0.0,0.0,-1.4534441853749052,1.3416407875545795,0.0,1.0
0.0,0.0,0.0,0.0,0.0,-1.4534441853749052,1.4534442083157548,0.0,1.0
0.0,0.0,0.0,0.0,0.0,-1.4534441853749052,1.5652475636821188,0.0,1.0
0.0,0.0,0.0,0.0,0.0,-1.4534441853749052,1.6770509844432941,0.0,1.0
0.0,0.0,0.0,0.0,0.0,-1.341640786499898,-1.6770509844432941,0.0,1.0
0.0,0.0,0.0,0.0,0.0,-1.341640786499898,-1.5652475636821188,0.0,1.0
0.0,0.0,0.0,0.0,0.0,-1.341640786499898,-1.4534442083158476,0.0,1.0
0.0,0.0,0.0,0.0,0.0,-1.341640786499898,-1.3416407875546725,0.0,1.0
0.0,0.0,0.0,0.0,0.0,-1.341640786499898,-1.2298373667934972,0.0,1.0
0.0,0.0,0.0,0.0,0.0,-1.341640786499898,-1.118034011427133,0.0,1.0
0.0,0.0,0.0,0.0,0.0,-1.341640786499898,-1.0062305906659579,0.0,1.0
0.0,0.0,0.0,0.0,0.0,-1.341640786499898,-0.8944271699047827,0.0,1.0
0.0,0.0,0.0,0.0,0.0,-1.341640786499898,-0.7826238145385115,0.0,1.0
0.0,0.0,0.0,0.0,0.0,-1.341640786499898,-0.6708203937773363,0.0,1.0
0.0,0.0,0.0,0.0,0.0,-1.341640786499898,-0.5590169730161609,0.0,1.0
0.0,0.0,0.0,0.0,0.0,-1.341640786499898,-0.4472136176497969,0.0,1.0
0.0,0.0,0.0,0.0,0.0,-1.341640786499898,-0.3354101968887146,0.0,1.0
0.0,0.0,0.0,0.0,0.0,-1.341640786499898,-0.22360677612753935,0.0,1.0
0.0,0.0,0.0,0.0,0.0,-1.341640786499898,-0.11180342076117523,0.0,1.0
0.0,0.0,0.0,0.0,0.0,-1.341640786499898,0.0,0.0,1.0
0.0,0.0,0.0,0.0,0.0,-1.341640786499898,0.11180342076117523,0.0,1.0
0.0,0.0,0.0,0.0,0.0,-1.341640786499898,0.2236067761274464,0.0,1.0
0.0,0.0,0.0,0.0,0.0,-1.341640786499898,0.3354101968886216,0.0,1.0
0.0,0.0,0.0,0.0,0.0,-1.341640786499898,0.4472136176497969,0.0,1.0
0.0,0.0,0.0,0.0,0.0,-1.341640786499898,0.5590169730161609,0.0,1.0
0.0,0.0,0.0,0.0,0.0,-1.341640786499898,0.6708203937773363,0.0,1.0
0.0,0.0,0.0,0.0,0.0,-1.341640786499898,0.7826238145385115,0.0,1.0
0.0,0.0,0.0,0.0,0.0,-1.341640786499898,0.8944271699047827,0.0,1.0
0.0,0.0,0.0,0.0,0.0,-1.341640786499898,1.0062305906659579,0.0,1.0
0.0,0.0,0.0,0.0,0.0,-1.341640786499898,1.118034011427133,0.0,1.0
0.0,0.0,0.0,0.0,0.0,-1.341640786499898,1.2298373667934042,0.0,1.0
0.0,0.0,0.0,0.0,0.0,-1.341640786499898,1.3416407875545795,0.0,1.0
0.0,0.0,0.0,0.0,0.0,-1.341640786499898,1.4534442083157548,0.0,1.0
0.0,0.0,0.0,0.0,0.0,-1.341640786499898,1.5652475636821188,0.0,1.0
0.0,0.0,0.0,0.0,0.0,-1.341640786499898,1.6770509844432941,0.0,1.0
0.0,0.0,0.0,0.0,0.0,-1.2298373876249284,-1.6770509844432941,0.0,1.0
0.0,0.0,0.0,0.0,0.0,-1.2298373876249284,-1.5652475636821188,0.0,1.0
0.0,0.0,0.0,0.0,0.0,-1.2298373876249284,-1.4534442083158476,0.0,1.0
0.0,0.0,0.0,0.0,0.0,-1.2298373876249284,-1.3416407875546725,0.0,1.0
0.0,0.0,0.0,0.0,0.0,-1.2298373876249284,-1.2298373667934972,0.0,1.0
0.0,0.0,0.0,0.0,0.0,-1.2298373876249284,-1.118034011427133,0.0,1.0
0.0,0.0,0.0,0.0,0.0,-1.2298373876249284,-1.0062305906659579,0.0,1.0
0.0,0.0,0.0,0.0,0.0,-1.2298373876249284,-0.8944271699047827,0.0,1.0
0.0,0.0,0.0,0.0,0.0,-1.2298373876249284,-0.7826238145385115,0.0,1.0
0.0,0.0,0.0,0.0,0.0,-1.2298373876249284,-0.6708203937773363,0.0,1.0
0.0,0.0,0.0,0.0,0.0,-1.2298373876249284,-0.5590169730161609,0.0,1.0
0.0,0.0,0.0,0.0,0.0,-1.2298373876249284,-0.4472136176497969,0.0,1.0
0.0,0.0,0.0,0.0,0.0,-1.2298373876249284,-0.3354101968887146,0.0,1.0
0.0,0.0,0.0,0.0,0.0,-1.2298373876249284,-0.22360677612753935,0.0,1.0
0.0,0.0,0.0,0.0,0.0,-1.2298373876249284,-0.11180342076117523,0.0,1.0
0.0,0.0,0.0,0.0,0.0,-1.2298373876249284,0.0,0.0,1.0
0.0,0.0,0.0,0.0,0.0,-1.2298373876249284,0.11180342076117523,0.0,1.0
0.0,0.0,0.0,0.0,0.0,-1.2298373876249284,0.2236067761274464,0.0,1.0
0.0,0.0,0.0,0.0,0.0,-1.2298373876249284,0.3354101968886216,0.0,1.0
0.0,0.0,0.0,0.0,0.0,-1.2298373876249284,0.4472136176497969,0.0,1.0
0.0,0.0,0.0,0.0,0.0,-1.2298373876249284,0.5590169730161609,0.0,1.0
0.0,0.0,0.0,0.0,0.0,-1.2298373876249284,0.6708203937773363,0.0,1.0
0.0,0.0,0.0,0.0,0.0,-1.2298373876249284,0.7826238145385115,0.0,1.0
0.0,0.0,0.0,0.0,0.0,-1.2298373876249284,0.8944271699047827,0.0,1.0
0.0,0.0,0.0,0.0,0.0,-1.2298373876249284,1.0062305906659579,0.0,1.0
0.0,0.0,0.0,0.0,0.0,-1.2298373876249284,1.118034011427133,0.0,1.0
0.0,0.0,0.0,0.0,0.0,-1.2298373876249284,1.2298373667934042,0.0,1.0
0.0,0.0,0.0,0.0,0.0,-1.2298373876249284,1.3416407875545795,0.0,1.0
0.0,0.0,0.0,0.0,0.0,-1.2298373876249284,1.4534442083157548,0.0,1.0
0.0,0.0,0.0,0.0,0.0,-1.2298373876249284,1.5652475636821188,0.0,1.0
0.0,0.0,0.0,0.0,0.0,-1.2298373876249284,1.6770509844432941,0.0,1.0
0.0,0.0,0.0,0.0,0.0,-1.1180339887499213,-1.6770509844432941,0.0,1.0
0.0,0.0,0.0,0.0,0.0,-1.1180339887499213,-1.5652475636821188,0.0,1.0
0.0,0.0,0.0,0.0,0.0,-1.1180339887499213,-1.4534442083158476,0.0,1.0
0.0,0.0,0.0,0.0,0.0,-1.1180339887499213,-1.3416407875546725,0.0,1.0
0.0,0.0,0.0,0.0,0.0,-1.1180339887499213,-1.2298373667934972,0.0,1.0
0.0,0.0,0.0,0.0,0.0,-1.1180339887499213,-1.118034011427133,0.0,1.0
0.0,0.0,0.0,0.0,0.0,-1.1180339887499213,-1.0062305906659579,0.0,1.0
0.0,0.0,0.0,0.0,0.0,-1.1180339887499213,-0.8944271699047827,0.0,1.0
0.0,0.0,0.0,0.0,0.0,-1.1180339887499213,-0.7826238145385115,0.0,1.0
0.0,0.0,0.0,0.0,0.0,-1.1180339887499213,-0.6708203937773363,0.0,1.0
0.0,0.0,0.0,0.0,0.0,-1.1180339887499213,-0.5590169730161609,0.0,1.0
0.0,0.0,0.0,0.0,0.0,-1.1180339887499213,-0.4472136176497969,0.0,1.0
0.0,0.0,0.0,0.0,0.0,-1.1180339887499213,-0.3354101968887146,0.0,1.0
0.0,0.0,0.0,0.0,0.0,-1.1180339887499213,-0.22360677612753935,0.0,1.0
0.0,0.0,0.0,0.0,0.0,-1.1180339887499213,-0.11180342076117523,0.0,1.0
0.0,0.0,0.0,0.0,0.0,-1.1180339887499213,0.0,0.0,1.0
0.0,0.0,0.0,0.0,0.0,-1.1180339887499213,0.11180342076117523,0.0,1.0
0.0,0.0,0.0,0.0,0.0,-1.1180339887499213,0.2236067761274464,0.0,1.0
0.0,0.0,0.0,0.0,0.0,-1.1180339887499213,0.3354101968886216,0.0,1.0
0.0,0.0,0.0,0.0,0.0,-1.1180339887499213,0.4472136176497969,0.0,1.0
0.0,0.0,0.0,0.0,0.0,-1.1180339887499213,0.5590169730161609,0.0,1.0
0.0,0.0,0.0,0.0,0.0,-1.1180339887499213,0.6708203937773363,0.0,1.0
0.0,0.0,0.0,0.0,0.0,-1.1180339887499213,0.7826238145385115,0.0,1.0
0.0,0.0,0.0,0.0,0.0,-1.1180339887499213,0.8944271699047827,0.0,1.0
0.0,0.0,0.0,0.0,0.0,-1.1180339887499213,1.0062305906659579,0.0,1.0
0.0,0.0,0.0,0.0,0.0,-1.1180339887499213,1.118034011427133,0.0,1.0
0.0,0.0,0.0,0.0,0.0,-1.1180339887499213,1.2298373667934042,0.0,1.0
0.0,0.0,0.0,0.0,0.0,-1.1180339887499213,1.3416407875545795,0.0,1.0
0.0,0.0,0.0,0.0,0.0,-1.1180339887499213,1.4534442083157548,0.0,1.0
0.0,0.0,0.0,0.0,0.0,-1.1180339887499213,1.5652475636821188,0.0,1.0
0.0,0.0,0.0,0.0,0.0,-1.1180339887499213,1.6770509844432941,0.0,1.0
0.0,0.0,0.0,0.0,0.0,-1.0062305898749517,-1.6770509844432941,0.0,1.0
0.0,0.0,0.0,0.0,0.0,-1.0062305898749517,-1.5652475636821188,0.0,1.0
0.0,0.0,0.0,0.0,0.0,-1.0062305898749517,-1.4534442083158476,0.0,1.0
0.0,0.0,0.0,0.0,0.0,-1.0062305898749517,-1.3416407875546725,0.0,1.0
0.0,0.0,0.0,0.0,0.0,-1.0062305898749517,-1.2298373667934972,0.0,1.0
0.0,0.0,0.0,0.0,0.0,-1.0062305898749517,-1.118034011427133,0.0,1.0
0.0,0.0,0.0,0.0,0.0,-1.0062305898749517,-1.0062305906659579,0.0,1.0
0.0,0.0,0.0,0.0,0.0,-1.0062305898749517,-0.8944271699047827,0.0,1.0
0.0,0.0,0.0,0.0,0.0,-1.0062305898749517,-0.7826238145385115,0.0,1.0
0.0,0.0,0.0,0.0,0.0,-1.0062305898749517,-0.6708203937773363,0.0,1.0
0.0,0.0,0.0,0.0,0.0,-1.0062305898749517,-0.5590169730161609,0.0,1.0
0.0,0.0,0.0,0.0,0.0,-1.0062305898749517,-0.4472136176497969,0.0,1.0
0.0,0.0,0.0,0.0,0.0,-1.0062305898749517,-0.3354101968887146,0.0,1.0
0.0,0.0,0.0,0.0,0.0,-1.0062305898749517,-0.22360677612753935,0.0,1.0
0.0,0.0,0.0,0.0,0.0,-1.0062305898749517,-0.11180342076117523,0.0,1.0
0.0,0.0,0.0,0.0,0.0,-1.0062305898749517,0.0,0.0,1.0
0.0,0.0,0.0,0.0,0.0,-1.0062305898749517,0.11180342076117523,0.0,1.0
0.0,0.0,0.0,0.0,0.0,-1.0062305898749517,0.2236067761274464,0.0,1.0
0.0,0.0,0.0,0.0,0.0,-1.0062305898749517,0.3354101968886216,0.0,1.0
0.0,0.0,0.0,0.0,0.0,-1.0062305898749517,0.4472136176497969,0.0,1.0
0.0,0.0,0.0,0.0,0.0,-1.0062305898749517,0.5590169730161609,0.0,1.0
0.0,0.0,0.0,0.0,0.0,-1.0062305898749517,0.6708203937773363,0.0,1.0
0.0,0.0,0.0,0.0,0.0,-1.0062305898749517,0.7826238145385115,0.0,1.0
0.0,0.0,0.0,0.0,0.0,-1.0062305898749517,0.8944271699047827,0.0,1.0
0.0,0.0,0.0,0.0,0.0,-1.0062305898749517,1.0062305906659579,0.0,1.0
0.0,0.0,0.0,0.0,0.0,-1.0062305898749517,1.118034011427133,0.0,1.0
0.0,0.0,0.0,0.0,0.0,-1.0062305898749517,1.2298373667934042,0.0,1.0
0.0,0.0,0.0,0.0,0.0,-1.0062305898749517,1.3416407875545795,0.0,1.0
0.0,0.0,0.0,0.0,0.0,-1.0062305898749517,1.4534442083157548,0.0,1.0
0.0,0.0,0.0,0.0,0.0,-1.0062305898749517,1.5652475636821188,0.0,1.0
0.0,0.0,0.0,0.0,0.0,-1.0062305898749517,1.6770509844432941,0.0,1.0
0.0,0.0,0.0,0.0,0.0,-0.8944271909999445,-1.6770509844432941,0.0,1.0
0.0,0.0,0.0,0.0,0.0,-0.8944271909999445,-1.5652475636821188,0.0,1.0
0.0,0.0,0.0,0.0,0.0,-0.8944271909999445,-1.4534442083158476,0.0,1.0
0.0,0.0,0.0,0.0,0.0,-0.8944271909999445,-1.3416407875546725,0.0,1.0
0.0,0.0,0.0,0.0,0.0,-0.8944271909999445,-1.2298373667934972,0.0,1.0
0.0,0.0,0.0,0.0,0.0,-0.8944271909999445,-1.118034011427133,0.0,1.0
0.0,0.0,0.0,0.0,0.0,-0.8944271909999445,-1.0062305906659579,0.0,1.0
0.0,0.0,0.0,0.0,0.0,-0.8944271909999445,-0.8944271699047827,0.0,1.0
0.0,0.0,0.0,0.0,0.0,-0.8944271909999445,-0.7826238145385115,0.0,1.0
0.0,0.0,0.0,0.0,0.0,-0.8944271909999445,-0.6708203937773363,0.0,1.0
0.0,0.0,0.0,0.0,0.0,-0.8944271909999445,-0.5590169730161609,0.0,1.0
0.0,0.0,0.0,0.0,0.0,-0.8944271909999445,-0.4472136176497969,0.0,1.0
0.0,0.0,0.0,0.0,0.0,-0.8944271909999445,-0.3354101968887146,0.0,1.0
0.0,0.0,0.0,0.0,0.0,-0.8944271909999445,-0.22360677612753935,0.0,1.0
0.0,0.0,0.0,0.0,0.0,-0.8944271909999445,-0.11180342076117523,0.0,1.0
0.0,0.0,0.0,0.0,0.0,-0.8944271909999445,0.0,0.0,1.0
0.0,0.0,0.0,0.0,0.0,-0.8944271909999445,0.11180342076117523,0.0,1.0
0.0,0.0,0.0,0.0,0.0,-0.8944271909999445,0.2236067761274464,0.0,1.0
0.0,0.0,0.0,0.0,0.0,-0.8944271909999445,0.3354101968886216,0.0,1.0
0.0,0.0,0.0,0.0,0.0,-0.8944271909999445,0.4472136176497969,0.0,1.0
0.0,0.0,0.0,0.0,0.0,-0.8944271909999445,0.5590169730161609,0.0,1.0
0.0,0.0,0.0,0.0,0.0,-0.8944271909999445,0.6708203937773363,0.0,1.0
0.0,0.0,0.0,0.0,0.0,-0.8944271909999445,0.7826238145385115,0.0,1.0
0.0,0.0,0.0,0.0,0.0,-0.8944271909999445,0.8944271699047827,0.0,1.0
0.0,0.0,0.0,0.0,0.0,-0.8944271909999445,1.0062305906659579,0.0,1.0
0.0,0.0,0.0,0.0,0.0,-0.8944271909999445,1.118034011427133,0.0,1.0
0.0,0.0,0.0,0.0,0.0,-0.8944271909999445,1.2298373667934042,0.0,1.0
0.0,0.0,0.0,0.0,0.0,-0.8944271909999445,1.3416407875545795,0.0,1.0
0.0,0.0,0.0,0.0,0.0,-0.8944271909999445,1.4534442083157548,0.0,1.0
0.0,0.0,0.0,0.0,0.0,-0.8944271909999445,1.5652475636821188,0.0,1.0
0.0,0.0,0.0,0.0,0.0,-0.8944271909999445,1.6770509844432941,0.0,1.0
0.0,0.0,0.0,0.0,0.0,-0.7826237921249374,-1.6770509844432941,0.0,1.0
0.0,0.0,0.0,0.0,0.0,-0.7826237921249374,-1.5652475636821188,0.0,1.0
0.0,0.0,0.0,0.0,0.0,-0.7826237921249374,-1.4534442083158476,0.0,1.0
0.0,0.0,0.0,0.0,0.0,-0.7826237921249374,-1.3416407875546725,0.0,1.0
0.0,0.0,0.0,0.0,0.0,-0.7826237921249374,-1.2298373667934972,0.0,1.0
0.0,0.0,0.0,0.0,0.0,-0.7826237921249374,-1.118034011427133,0.0,1.0
0.0,0.0,0.0,0.0,0.0,-0.7826237921249374,-1.0062305906659579,0.0,1.0
0.0,0.0,0.0,0.0,0.0,-0.7826237921249374,-0.8944271699047827,0.0,1.0
0.0,0.0,0.0,0.0,0.0,-0.7826237921249374,-0.7826238145385115,0.0,1.0
0.0,0.0,0.0,0.0,0.0,-0.7826237921249374,-0.6708203937773363,0.0,1.0
0.0,0.0,0.0,0.0,0.0,-0.7826237921249374,-0.5590169730161609,0.0,1.0
0.0,0.0,0.0,0.0,0.0,-0.7826237921249374,-0.4472136176497969,0.0,1.0
0.0,0.0,0.0,0.0,0.0,-0.7826237921249374,-0.3354101968887146,0.0,1.0
0.0,0.0,0.0,0.0,0.0,-0.7826237921249374,-0.22360677612753935,0.0,1.0
0.0,0.0,0.0,0.0,0.0,-0.7826237921249374,-0.11180342076117523,0.0,1.0
0.0,0.0,0.0,0.0,0.0,-0.7826237921249374,0.0,0.0,1.0
0.0,0.0,0.0,0.0,0.0,-0.7826237921249374,0.11180342076117523,0.0,1.0
0.0,0.0,0.0,0.0,0.0,-0.7826237921249374,0.2236067761274464,0.0,1.0
0.0,0.0,0.0,0.0,0.0,-0.7826237921249374,0.3354101968886216,0.0,1.0
0.0,0.0,0.0,0.0,0.0,-0.7826237921249374,0.4472136176497969,0.0,1.0
0.0,0.0,0.0,0.0,0.0,-0.7826237921249374,0.5590169730161609,0.0,1.0
0.0,0.0,0.0,0.0,0.0,-0.7826237921249374,0.6708203937773363,0.0,1.0
0.0,0.0,0.0,0.0,0.0,-0.7826237921249374,0.7826238145385115,0.0,1.0
0.0,0.0,0.0,0.0,0.0,-0.7826237921249374,0.8944271699047827,0.0,1.0
0.0,0.0,0.0,0.0,0.0,-0.7826237921249374,1.0062305906659579,0.0,1.0
0.0,0.0,0.0,0.0,0.0,-0.7826237921249374,1.118034011427133,0.0,1.0
0.0,0.0,0.0,0.0,0.0,-0.7826237921249374,1.2298373667934042,0.0,1.0
0.0,0.0,0.0,0.0,0.0,-0.7826237921249374,1.3416407875545795,0.0,1.0
0.0,0.0,0.0,0.0,0.0,-0.7826237921249374,1.4534442083157548,0.0,1.0
0.0,0.0,0.0,0.0,0.0,-0.7826237921249374,1.5652475636821188,0.0,1.0
0.0,0.0,0.0,0.0,0.0,-0.7826237921249374,1.6770509844432941,0.0,1.0
0.0,0.0,0.0,0.0,0.0,-0.6708203932499678,-1.6770509844432941,0.0,1.0
0.0,0.0,0.0,0.0,0.0,-0.6708203932499678,-1.5652475636821188,0.0,1.0
0.0,0.0,0.0,0.0,0.0,-0.6708203932499678,-1.4534442083158476,0.0,1.0
0.0,0.0,0.0,0.0,0.0,-0.6708203932499678,-1.3416407875546725,0.0,1.0
0.0,0.0,0.0,0.0,0.0,-0.6708203932499678,-1.2298373667934972,0.0,1.0
0.0,0.0,0.0,0.0,0.0,-0.6708203932499678,-1.118034011427133,0.0,1.0
0.0,0.0,0.0,0.0,0.0,-0.6708203932499678,-1.0062305906659579,0.0,1.0
0.0,0.0,0.0,0.0,0.0,-0.6708203932499678,-0.8944271699047827,0.0,1.0
0.0,0.0,0.0,0.0,0.0,-0.6708203932499678,-0.7826238145385115,0.0,1.0
0.0,0.0,0.0,0.0,0.0,-0.6708203932499678,-0.6708203937773363,0.0,1.0
0.0,0.0,0.0,0.0,0.0,-0.6708203932499678,-0.5590169730161609,0.0,1.0
0.0,0.0,0.0,0.0,0.0,-0.6708203932499678,-0.4472136176497969,0.0,1.0
0.0,0.0,0.0,0.0,0.0,-0.6708203932499678,-0.3354101968887146,0.0,1.0
0.0,0.0,0.0,0.0,0.0,-0.6708203932499678,-0.22360677612753935,0.0,1.0
0.0,0.0,0.0,0.0,0.0,-0.6708203932499678,-0.11180342076117523,0.0,1.0
0.0,0.0,0.0,0.0,0.0,-0.6708203932499678,0.0,0.0,1.0
0.0,0.0,0.0,0.0,0.0,-0.6708203932499678,0.11180342076117523,0.0,1.0
0.0,0.0,0.0,0.0,0.0,-0.6708203932499678,0.2236067761274464,0.0,1.0
0.0,0.0,0.0,0.0,0.0,-0.6708203932499678,0.3354101968886216,0.0,1.0
0.0,0.0,0.0,0.0,0.0,-0.6708203932499678,0.4472136176497969,0.0,1.0
0.0,0.0,0.0,0.0,0.0,-0.6708203932499678,0.5590169730161609,0.0,1.0
0.0,0.0,0.0,0.0,0.0,-0.6708203932499678,0.6708203937773363,0.0,1.0
0.0,0.0,0.0,0.0,0.0,-0.6708203932499678,0.7826238145385115,0.0,1.0
0.0,0.0,0.0,0.0,0.0,-0.6708203932499678,0.8944271699047827,0.0,1.0
0.0,0.0,0.0,0.0,0.0,-0.6708203932499678,1.0062305906659579,0.0,1.0
0.0,0.0,0.0,0.0,0.0,-0.6708203932499678,1.118034011427133,0.0,1.0
0.0,0.0,0.0,0.0,0.0,-0.6708203932499678,1.2298373667934042,0.0,1.0
0.0,0.0,0.0,0.0,0.0,-0.6708203932499678,1.3416407875545795,0.0,1.0
0.0,0.0,0.0,0.0,0.0,-0.6708203932499678,1.4534442083157548,0.0,1.0
0.0,0.0,0.0,0.0,0.0,-0.6708203932499678,1.5652475636821188,0.0,1.0
0.0,0.0,0.0,0.0,0.0,-0.6708203932499678,1.6770509844432941,0.0,1.0
0.0,0.0,0.0,0.0,0.0,-0.5590169943749607,-1.6770509844432941,0.0,1.0
0.0,0.0,0.0,0.0,0.0,-0.5590169943749607,-1.5652475636821188,0.0,1.0
0.0,0.0,0.0,0.0,0.0,-0.5590169943749607,-1.4534442083158476,0.0,1.0
0.0,0.0,0.0,0.0,0.0,-0.5590169943749607,-1.3416407875546725,0.0,1.0
0.0,0.0,0.0,0.0,0.0,-0.5590169943749607,-1.2298373667934972,0.0,1.0
0.0,0.0,0.0,0.0,0.0,-0.5590169943749607,-1.118034011427133,0.0,1.0
0.0,0.0,0.0,0.0,0.0,-0.5590169943749607,-1.0062305906659579,0.0,1.0
0.0,0.0,0.0,0.0,0.0,-0.5590169943749607,-0.8944271699047827,0.0,1.0
0.0,0.0,0.0,0.0,0.0,-0.5590169943749607,-0.7826238145385115,0.0,1.0
0.0,0.0,0.0,0.0,0.0,-0.5590169943749607,-0.6708203937773363,0.0,1.0
0.0,0.0,0.0,0.0,0.0,-0.5590169943749607,-0.5590169730161609,0.0,1.0
0.0,0.0,0.0,0.0,0.0,-0.5590169943749607,-0.4472136176497969,0.0,1.0
0.0,0.0,0.0,0.0,0.0,-0.5590169943749607,-0.3354101968887146,0.0,1.0
0.0,0.0,0.0,0.0,0.0,-0.5590169943749607,-0.22360677612753935,0.0,1.0
0.0,0.0,0.0,0.0,0.0,-0.5590169943749607,-0.11180342076117523,0.0,1.0
0.0,0.0,0.0,0.0,0.0,-0.5590169943749607,0.0,0.0,1.0
0.0,0.0,0.0,0.0,0.0,-0.5590169943749607,0.11180342076117523,0.0,1.0
0.0,0.0,0.0,0.0,0.0,-0.5590169943749607,0.2236067761274464,0.0,1.0
0.0,0.0,0.0,0.0,0.0,-0.5590169943749607,0.3354101968886216,0.0,1.0
0.0,0.0,0.0,0.0,0.0,-0.5590169943749607,0.4472136176497969,0.0,1.0
0.0,0.0,0.0,0.0,0.0,-0.5590169943749607,0.5590169730161609,0.0,1.0
0.0,0.0,0.0,0.0,0.0,-0.5590169943749607,0.6708203937773363,0.0,1.0
0.0,0.0,0.0,0.0,0.0,-0.5590169943749607,0.7826238145385115,0.0,1.0
0.0,0.0,0.0,0.0,0.0,-0.5590169943749607,0.8944271699047827,0.0,1.0
0.0,0.0,0.0,0.0,0.0,-0.5590169943749607,1.0062305906659579,0.0,1.0
0.0,0.0,0.0,0.0,0.0,-0.5590169943749607,1.118034011427133,0.0,1.0
0.0,0.0,0.0,0.0,0.0,-0.5590169943749607,1.2298373667934042,0.0,1.0
0.0,0.0,0.0,0.0,0.0,-0.5590169943749607,1.3416407875545795,0.0,1.0
0.0,0.0,0.0,0.0,0.0,-0.5590169943749607,1.4534442083157548,0.0,1.0
0.0,0.0,0.0,0.0,0.0,-0.5590169943749607,1.5652475636821188,0.0,1.0
0.0,0.0,0.0,0.0,0.0,-0.5590169943749607,1.6770509844432941,0.0,1.0
0.0,0.0,0.0,0.0,0.0,-0.44721359549999107,-1.6770509844432941,0.0,1.0
0.0,0.0,0.0,0.0,0.0,-0.44721359549999107,-1.5652475636821188,0.0,1.0
0.0,0.0,0.0,0.0,0.0,-0.44721359549999107,-1.4534442083158476,0.0,1.0
0.0,0.0,0.0,0.0,0.0,-0.44721359549999107,-1.3416407875546725,0.0,1.0
0.0,0.0,0.0,0.0,0.0,-0.44721359549999107,-1.2298373667934972,0.0,1.0
0.0,0.0,0.0,0.0,0.0,-0.44721359549999107,-1.118034011427133,0.0,1.0
0.0,0.0,0.0,0.0,0.0,-0.44721359549999107,-1.0062305906659579,0.0,1.0
0.0,0.0,0.0,0.0,0.0,-0.44721359549999107,-0.8944271699047827,0.0,1.0
0.0,0.0,0.0,0.0,0.0,-0.44721359549999107,-0.7826238145385115,0.0,1.0
0.0,0.0,0.0,0.0,0.0,-0.44721359549999107,-0.6708203937773363,0.0,1.0
0.0,0.0,0.0,0.0,0.0,-0.44721359549999107,-0.5590169730161609,0.0,1.0
0.0,0.0,0.0,0.0,0.0,-0.44721359549999107,-0.4472136176497969,0.0,1.0
0.0,0.0,0.0,0.0,0.0,-0.44721359549999107,-0.3354101968887146,0.0,1.0
0.0,0.0,0.0,0.0,0.0,-0.44721359549999107,-0.22360677612753935,0.0,1.0
0.0,0.0,0.0,0.0,0.0,-0.44721359549999107,-0.11180342076117523,0.0,1.0
0.0,0.0,0.0,0.0,0.0,-0.44721359549999107,0.0,0.0,1.0
0.0,0.0,0.0,0.0,0.0,-0.44721359549999107,0.11180342076117523,0.0,1.0
0.0,0.0,0.0,0.0,0.0,-0.44721359549999107,0.2236067761274464,0.0,1.0
0.0,0.0,0.0,0.0,0.0,-0.44721359549999107,0.3354101968886216,0.0,1.0
0.0,0.0,0.0,0.0,0.0,-0.44721359549999107,0.4472136176497969,0.0,1.0
0.0,0.0,0.0,0.0,0.0,-0.44721359549999107,0.5590169730161609,0.0,1.0
0.0,0.0,0.0,0.0,0.0,-0.44721359549999107,0.6708203937773363,0.0,1.0
0.0,0.0,0.0,0.0,0.0,-0.44721359549999107,0.7826238145385115,0.0,1.0
0.0,0.0,0.0,0.0,0.0,-0.44721359549999107,0.8944271699047827,0.0,1.0
0.0,0.0,0.0,0.0,0.0,-0.44721359549999107,1.0062305906659579,0.0,1.0
0.0,0.0,0.0,0.0,0.0,-0.44721359549999107,1.118034011427133,0.0,1.0
0.0,0.0,0.0,0.0,0.0,-0.44721359549999107,1.2298373667934042,0.0,1.0
0.0,0.0,0.0,0.0,0.0,-0.44721359549999107,1.3416407875545795,0.0,1.0
0.0,0.0,0.0,0.0,0.0,-0.44721359549999107,1.4534442083157548,0.0,1.0
0.0,0.0,0.0,0.0,0.0,-0.44721359549999107,1.5652475636821188,0.0,1.0
0.0,0.0,0.0,0.0,0.0,-0.44721359549999107,1.6770509844432941,0.0,1.0
0.0,0.0,0.0,0.0,0.0,-0.3354101966249839,-1.6770509844432941,0.0,1.0
0.0,0.0,0.0,0.0,0.0,-0.3354101966249839,-1.5652475636821188,0.0,1.0
0.0,0.0,0.0,0.0,0.0,-0.3354101966249839,-1.4534442083158476,0.0,1.0
0.0,0.0,0.0,0.0,0.0,-0.3354101966249839,-1.3416407875546725,0.0,1.0
0.0,0.0,0.0,0.0,0.0,-0.3354101966249839,-1.2298373667934972,0.0,1.0
0.0,0.0,0.0,0.0,0.0,-0.3354101966249839,-1.118034011427133,0.0,1.0
0.0,0.0,0.0,0.0,0.0,-0.3354101966249839,-1.0062305906659579,0.0,1.0
0.0,0.0,0.0,0.0,0.0,-0.3354101966249839,-0.8944271699047827,0.0,1.0
0.0,0.0,0.0,0.0,0.0,-0.3354101966249839,-0.7826238145385115,0.0,1.0
0.0,0.0,0.0,0.0,0.0,-0.3354101966249839,-0.6708203937773363,0.0,1.0
0.0,0.0,0.0,0.0,0.0,-0.3354101966249839,-0.5590169730161609,0.0,1.0
0.0,0.0,0.0,0.0,0.0,-0.3354101966249839,-0.4472136176497969,0.0,1.0
0.0,0.0,0.0,0.0,0.0,-0.3354101966249839,-0.3354101968887146,0.0,1.0
0.0,0.0,0.0,0.0,0.0,-0.3354101966249839,-0.22360677612753935,0.0,1.0
0.0,0.0,0.0,0.0,0.0,-0.3354101966249839,-0.11180342076117523,0.0,1.0
0.0,0.0,0.0,0.0,0.0,-0.3354101966249839,0.0,0.0,1.0
0.0,0.0,0.0,0.0,0.0,-0.3354101966249839,0.11180342076117523,0.0,1.0
0.0,0.0,0.0,0.0,0.0,-0.3354101966249839,0.2236067761274464,0.0,1.0
0.0,0.0,0.0,0.0,0.0,-0.3354101966249839,0.3354101968886216,0.0,1.0
0.0,0.0,0.0,0.0,0.0,-0.3354101966249839,0.4472136176497969,0.0,1.0
0.0,0.0,0.0,0.0,0.0,-0.3354101966249839,0.5590169730161609,0.0,1.0
0.0,0.0,0.0,0.0,0.0,-0.3354101966249839,0.6708203937773363,0.0,1.0
0.0,0.0,0.0,0.0,0.0,-0.3354101966249839,0.7826238145385115,0.0,1.0
0.0,0.0,0.0,0.0,0.0,-0.3354101966249839,0.8944271699047827,0.0,1.0
0.0,0.0,0.0,0.0,0.0,-0.3354101966249839,1.0062305906659579,0.0,1.0
0.0,0.0,0.0,0.0,0.0,-0.3354101966249839,1.118034011427133,0.0,1.0
0.0,0.0,0.0,0.0,0.0,-0.3354101966249839,1.2298373667934042,0.0,1.0
0.0,0.0,0.0,0.0,0.0,-0.3354101966249839,1.3416407875545795,0.0,1.0
0.0,0.0,0.0,0.0,0.0,-0.3354101966249839,1.4534442083157548,0.0,1.0
0.0,0.0,0.0,0.0,0.0,-0.3354101966249839,1.5652475636821188,0.0,1.0
0.0,0.0,0.0,0.0,0.0,-0.3354101966249839,1.6770509844432941,0.0,1.0
0.0,0.0,0.0,0.0,0.0,-0.22360679775001435,-1.6770509844432941,0.0,1.0
0.0,0.0,0.0,0.0,0.0,-0.22360679775001435,-1.5652475636821188,0.0,1.0
0.0,0.0,0.0,0.0,0.0,-0.22360679775001435,-1.4534442083158476,0.0,1.0
0.0,0.0,0.0,0.0,0.0,-0.22360679775001435,-1.3416407875546725,0.0,1.0
0.0,0.0,0.0,0.0,0.0,-0.22360679775001435,-1.2298373667934972,0.0,1.0
0.0,0.0,0.0,0.0,0.0,-0.22360679775001435,-1.118034011427133,0.0,1.0
0.0,0.0,0.0,0.0,0.0,-0.22360679775001435,-1.0062305906659579,0.0,1.0
0.0,0.0,0.0,0.0,0.0,-0.22360679775001435,-0.8944271699047827,0.0,1.0
0.0,0.0,0.0,0.0,0.0,-0.22360679775001435,-0.7826238145385115,0.0,1.0
0.0,0.0,0.0,0.0,0.0,-0.22360679775001435,-0.6708203937773363,0.0,1.0
0.0,0.0,0.0,0.0,0.0,-0.22360679775001435,-0.5590169730161609,0.0,1.0
0.0,0.0,0.0,0.0,0.0,-0.22360679775001435,-0.4472136176497969,0.0,1.0
0.0,0.0,0.0,0.0,0.0,-0.22360679775001435,-0.3354101968887146,0.0,1.0
0.0,0.0,0.0,0.0,0.0,-0.22360679775001435,-0.22360677612753935,0.0,1.0
0.0,0.0,0.0,0.0,0.0,-0.22360679775001435,-0.11180342076117523,0.0,1.0
0.0,0.0,0.0,0.0,0.0,-0.22360679775001435,0.0,0.0,1.0
0.0,0.0,0.0,0.0,0.0,-0.22360679775001435,0.11180342076117523,0.0,1.0
0.0,0.0,0.0,0.0,0.0,-0.22360679775001435,0.2236067761274464,0.0,1.0
0.0,0.0,0.0,0.0,0.0,-0.22360679775001435,0.3354101968886216,0.0,1.0
0.0,0.0,0.0,0.0,0.0,-0.22360679775001435,0.4472136176497969,0.0,1.0
0.0,0.0,0.0,0.0,0.0,-0.22360679775001435,0.5590169730161609,0.0,1.0
0.0,0.0,0.0,0.0,0.0,-0.22360679775001435,0.6708203937773363,0.0,1.0
0.0,0.0,0.0,0.0,0.0,-0.22360679775001435,0.7826238145385115,0.0,1.0
0.0,0.0,0.0,0.0,0.0,-0.22360679775001435,0.8944271699047827,0.0,1.0
0.0,0.0,0.0,0.0,0.0,-0.22360679775001435,1.0062305906659579,0.0,1.0
0.0,0.0,0.0,0.0,0.0,-0.22360679775001435,1.118034011427133,0.0,1.0
0.0,0.0,0.0,0.0,0.0,-0.22360679775001435,1.2298373667934042,0.0,1.0
0.0,0.0,0.0,0.0,0.0,-0.22360679775001435,1.3416407875545795,0.0,1.0
0.0,0.0,0.0,0.0,0.0,-0.22360679775001435,1.4534442083157548,0.0,1.0
0.0,0.0,0.0,0.0,0.0,-0.22360679775001435,1.5652475636821188,0.0,1.0
0.0,0.0,0.0,0.0,0.0,-0.22360679775001435,1.6770509844432941,0.0,1.0
0.0,0.0,0.0,0.0,0.0,-0.11180339887500718,-1.6770509844432941,0.0,1.0
0.0,0.0,0.0,0.0,0.0,-0.11180339887500718,-1.5652475636821188,0.0,1.0
0.0,0.0,0.0,0.0,0.0,-0.11180339887500718,-1.4534442083158476,0.0,1.0
0.0,0.0,0.0,0.0,0.0,-0.11180339887500718,-1.3416407875546725,0.0,1.0
0.0,0.0,0.0,0.0,0.0,-0.11180339887500718,-1.2298373667934972,0.0,1.0
0.0,0.0,0.0,0.0,0.0,-0.11180339887500718,-1.118034011427133,0.0,1.0
0.0,0.0,0.0,0.0,0.0,-0.11180339887500718,-1.0062305906659579,0.0,1.0
0.0,0.0,0.0,0.0,0.0,-0.11180339887500718,-0.8944271699047827,0.0,1.0
0.0,0.0,0.0,0.0,0.0,-0.11180339887500718,-0.7826238145385115,0.0,1.0
0.0,0.0,0.0,0.0,0.0,-0.11180339887500718,-0.6708203937773363,0.0,1.0
0.0,0.0,0.0,0.0,0.0,-0.11180339887500718,-0.5590169730161609,0.0,1.0
0.0,0.0,0.0,0.0,0.0,-0.11180339887500718,-0.4472136176497969,0.0,1.0
0.0,0.0,0.0,0.0,0.0,-0.11180339887500718,-0.3354101968887146,0.0,1.0
0.0,0.0,0.0,0.0,0.0,-0.11180339887500718,-0.22360677612753935,0.0,1.0
0.0,0.0,0.0,0.0,0.0,-0.11180339887500718,-0.11180342076117523,0.0,1.0
0.0,0.0,0.0,0.0,0.0,-0.11180339887500718,0.0,0.0,1.0
0.0,0.0,0.0,0.0,0.0,-0.11180339887500718,0.11180342076117523,0.0,1.0
0.0,0.0,0.0,0.0,0.0,-0.11180339887500718,0.2236067761274464,0.0,1.0
0.0,0.0,0.0,0.0,0.0,-0.11180339887500718,0.3354101968886216,0.0,1.0
0.0,0.0,0.0,0.0,0.0,-0.11180339887500718,0.4472136176497969,0.0,1.0
0.0,0.0,0.0,0.0,0.0,-0.11180339887500718,0.5590169730161609,0.0,1.0
0.0,0.0,0.0,0.0,0.0,-0.11180339887500718,0.6708203937773363,0.0,1.0
0.0,0.0,0.0,0.0,0.0,-0.11180339887500718,0.7826238145385115,0.0,1.0
0.0,0.0,0.0,0.0,0.0,-0.11180339887500718,0.8944271699047827,0.0,1.0
0.0,0.0,0.0,0.0,0.0,-0.11180339887500718,1.0062305906659579,0.0,1.0
0.0,0.0,0.0,0.0,0.0,-0.11180339887500718,1.118034011427133,0.0,1.0
0.0,0.0,0.0,0.0,0.0,-0.11180339887500718,1.2298373667934042,0.0,1.0
0.0,0.0,0.0,0.0,0.0,-0.11180339887500718,1.3416407875545795,0.0,1.0
0.0,0.0,0.0,0.0,0.0,-0.11180339887500718,1.4534442083157548,0.0,1.0
0.0,0.0,0.0,0.0,0.0,-0.11180339887500718,1.5652475636821188,0.0,1.0
0.0,0.0,0.0,0.0,0.0,-0.11180339887500718,1.6770509844432941,0.0,1.0
0.0,0.0,0.0,0.0,0.0,-3.7614153837079864e-14,-1.6770509844432941,0.0,1.0
0.0,0.0,0.0,0.0,0.0,-3.7614153837079864e-14,-1.5652475636821188,0.0,1.0
0.0,0.0,0.0,0.0,0.0,-3.7614153837079864e-14,-1.4534442083158476,0.0,1.0
0.0,0.0,0.0,0.0,0.0,-3.7614153837079864e-14,-1.3416407875546725,0.0,1.0
0.0,0.0,0.0,0.0,0.0,-3.7614153837079864e-14,-1.2298373667934972,0.0,1.0
0.0,0.0,0.0,0.0,0.0,-3.7614153837079864e-14,-1.118034011427133,0.0,1.0
0.0,0.0,0.0,0.0,0.0,-3.7614153837079864e-14,-1.0062305906659579,0.0,1.0
0.0,0.0,0.0,0.0,0.0,-3.7614153837079864e-14,-0.8944271699047827,0.0,1.0
0.0,0.0,0.0,0.0,0.0,-3.7614153837079864e-14,-0.7826238145385115,0.0,1.0
0.0,0.0,0.0,0.0,0.0,-3.7614153837079864e-14,-0.6708203937773363,0.0,1.0
0.0,0.0,0.0,0.0,0.0,-3.7614153837079864e-14,-0.5590169730161609,0.0,1.0
0.0,0.0,0.0,0.0,0.0,-3.7614153837079864e-14,-0.4472136176497969,0.0,1.0
0.0,0.0,0.0,0.0,0.0,-3.7614153837079864e-14,-0.3354101968887146,0.0,1.0
0.0,0.0,0.0,0.0,0.0,-3.7614153837079864e-14,-0.22360677612753935,0.0,1.0
0.0,0.0,0.0,0.0,0.0,-3.7614153837079864e-14,-0.11180342076117523,0.0,1.0
0.0,0.0,0.0,0.0,0.0,-3.7614153837079864e-14,0.0,0.0,1.0
0.0,0.0,0.0,0.0,0.0,-3.7614153837079864e-14,0.11180342076117523,0.0,1.0
0.0,0.0,0.0,0.0,0.0,-3.7614153837079864e-14,0.2236067761274464,0.0,1.0
0.0,0.0,0.0,0.0,0.0,-3.7614153837079864e-14,0.3354101968886216,0.0,1.0
0.0,0.0,0.0,0.0,0.0,-3.7614153837079864e-14,0.4472136176497969,0.0,1.0
0.0,0.0,0.0,0.0,0.0,-3.7614153837079864e-14,0.5590169730161609,0.0,1.0
0.0,0.0,0.0,0.0,0.0,-3.7614153837079864e-14,0.6708203937773363,0.0,1.0
0.0,0.0,0.0,0.0,0.0,-3.7614153837079864e-14,0.7826238145385115,0.0,1.0
0.0,0.0,0.0,0.0,0.0,-3.7614153837079864e-14,0.8944271699047827,0.0,1.0
0.0,0.0,0.0,0.0,0.0,-3.7614153837079864e-14,1.0062305906659579,0.0,1.0
0.0,0.0,0.0,0.0,0.0,-3.7614153837079864e-14,1.118034011427133,0.0,1.0
0.0,0.0,0.0,0.0,0.0,-3.7614153837079864e-14,1.2298373667934042,0.0,1.0
0.0,0.0,0.0,0.0,0.0,-3.7614153837079864e-14,1.3416407875545795,0.0,1.0
0.0,0.0,0.0,0.0,0.0,-3.7614153837079864e-14,1.4534442083157548,0.0,1.0
0.0,0.0,0.0,0.0,0.0,-3.7614153837079864e-14,1.5652475636821188,0.0,1.0
0.0,0.0,0.0,0.0,0.0,-3.7614153837079864e-14,1.6770509844432941,0.0,1.0
0.0,0.0,0.0,0.0,0.0,0.11180339887496955,-1.6770509844432941,0.0,1.0
0.0,0.0,0.0,0.0,0.0,0.11180339887496955,-1.5652475636821188,0.0,1.0
0.0,0.0,0.0,0.0,0.0,0.11180339887496955,-1.4534442083158476,0.0,1.0
0.0,0.0,0.0,0.0,0.0,0.11180339887496955,-1.3416407875546725,0.0,1.0
0.0,0.0,0.0,0.0,0.0,0.11180339887496955,-1.2298373667934972,0.0,1.0
0.0,0.0,0.0,0.0,0.0,0.11180339887496955,-1.118034011427133,0.0,1.0
0.0,0.0,0.0,0.0,0.0,0.11180339887496955,-1.0062305906659579,0.0,1.0
0.0,0.0,0.0,0.0,0.0,0.11180339887496955,-0.8944271699047827,0.0,1.0
0.0,0.0,0.0,0.0,0.0,0.11180339887496955,-0.7826238145385115,0.0,1.0
0.0,0.0,0.0,0.0,0.0,0.11180339887496955,-0.6708203937773363,0.0,1.0
0.0,0.0,0.0,0.0,0.0,0.11180339887496955,-0.5590169730161609,0.0,1.0
0.0,0.0,0.0,0.0,0.0,0.11180339887496955,-0.4472136176497969,0.0,1.0
0.0,0.0,0.0,0.0,0.0,0.11180339887496955,-0.3354101968887146,0.0,1.0
0.0,0.0,0.0,0.0,0.0,0.11180339887496955,-0.22360677612753935,0.0,1.0
0.0,0.0,0.0,0.0,0.0,0.11180339887496955,-0.11180342076117523,0.0,1.0
0.0,0.0,0.0,0.0,0.0,0.11180339887496955,0.0,0.0,1.0
0.0,0.0,0.0,0.0,0.0,0.11180339887496955,0.11180342076117523,0.0,1.0
0.0,0.0,0.0,0.0,0.0,0.11180339887496955,0.2236067761274464,0.0,1.0
0.0,0.0,0.0,0.0,0.0,0.11180339887496955,0.3354101968886216,0.0,1.0
0.0,0.0,0.0,0.0,0.0,0.11180339887496955,0.4472136176497969,0.0,1.0
0.0,0.0,0.0,0.0,0.0,0.11180339887496955,0.5590169730161609,0.0,1.0
0.0,0.0,0.0,0.0,0.0,0.11180339887496955,0.6708203937773363,0.0,1.0
0.0,0.0,0.0,0.0,0.0,0.11180339887496955,0.7826238145385115,0.0,1.0
0.0,0.0,0.0,0.0,0.0,0.11180339887496955,0.8944271699047827,0.0,1.0
0.0,0.0,0.0,0.0,0.0,0.11180339887496955,1.0062305906659579,0.0,1.0
0.0,0.0,0.0,0.0,0.0,0.11180339887496955,1.118034011427133,0.0,1.0
0.0,0.0,0.0,0.0,0.0,0.11180339887496955,1.2298373667934042,0.0,1.0
0.0,0.0,0.0,0.0,0.0,0.11180339887496955,1.3416407875545795,0.0,1.0
0.0,0.0,0.0,0.0,0.0,0.11180339887496955,1.4534442083157548,0.0,1.0
0.0,0.0,0.0,0.0,0.0,0.11180339887496955,1.5652475636821188,0.0,1.0
0.0,0.0,0.0,0.0,0.0,0.11180339887496955,1.6770509844432941,0.0,1.0
0.0,0.0,0.0,0.0,0.0,0.2236067977499391,-1.6770509844432941,0.0,1.0
0.0,0.0,0.0,0.0,0.0,0.2236067977499391,-1.5652475636821188,0.0,1.0
0.0,0.0,0.0,0.0,0.0,0.2236067977499391,-1.4534442083158476,0.0,1.0
0.0,0.0,0.0,0.0,0.0,0.2236067977499391,-1.3416407875546725,0.0,1.0
0.0,0.0,0.0,0.0,0.0,0.2236067977499391,-1.2298373667934972,0.0,1.0
0.0,0.0,0.0,0.0,0.0,0.2236067977499391,-1.118034011427133,0.0,1.0
0.0,0.0,0.0,0.0,0.0,0.2236067977499391,-1.0062305906659579,0.0,1.0
0.0,0.0,0.0,0.0,0.0,0.2236067977499391,-0.8944271699047827,0.0,1.0
0.0,0.0,0.0,0.0,0.0,0.2236067977499391,-0.7826238145385115,0.0,1.0
0.0,0.0,0.0,0.0,0.0,0.2236067977499391,-0.6708203937773363,0.0,1.0
0.0,0.0,0.0,0.0,0.0,0.2236067977499391,-0.5590169730161609,0.0,1.0
0.0,0.0,0.0,0.0,0.0,0.2236067977499391,-0.4472136176497969,0.0,1.0
0.0,0.0,0.0,0.0,0.0,0.2236067977499391,-0.3354101968887146,0.0,1.0
0.0,0.0,0.0,0.0,0.0,0.2236067977499391,-0.22360677612753935,0.0,1.0
0.0,0.0,0.0,0.0,0.0,0.2236067977499391,-0.11180342076117523,0.0,1.0
0.0,0.0,0.0,0.0,0.0,0.2236067977499391,0.0,0.0,1.0
0.0,0.0,0.0,0.0,0.0,0.2236067977499391,0.11180342076117523,0.0,1.0
0.0,0.0,0.0,0.0,0.0,0.2236067977499391,0.2236067761274464,0.0,1.0
0.0,0.0,0.0,0.0,0.0,0.2236067977499391,0.3354101968886216,0.0,1.0
0.0,0.0,0.0,0.0,0.0,0.2236067977499391,0.4472136176497969,0.0,1.0
0.0,0.0,0.0,0.0,0.0,0.2236067977499391,0.5590169730161609,0.0,1.0
0.0,0.0,0.0,0.0,0.0,0.2236067977499391,0.6708203937773363,0.0,1.0
0.0,0.0,0.0,0.0,0.0,0.2236067977499391,0.7826238145385115,0.0,1.0
0.0,0.0,0.0,0.0,0.0,0.2236067977499391,0.8944271699047827,0.0,1.0
0.0,0.0,0.0,0.0,0.0,0.2236067977499391,1.0062305906659579,0.0,1.0
0.0,0.0,0.0,0.0,0.0,0.2236067977499391,1.118034011427133,0.0,1.0
0.0,0.0,0.0,0.0,0.0,0.2236067977499391,1.2298373667934042,0.0,1.0
0.0,0.0,0.0,0.0,0.0,0.2236067977499391,1.3416407875545795,0.0,1.0
0.0,0.0,0.0,0.0,0.0,0.2236067977499391,1.4534442083157548,0.0,1.0
0.0,0.0,0.0,0.0,0.0,0.2236067977499391,1.5652475636821188,0.0,1.0
0.0,0.0,0.0,0.0,0.0,0.2236067977499391,1.6770509844432941,0.0,1.0
0.0,0.0,0.0,0.0,0.0,0.3354101966249463,-1.6770509844432941,0.0,1.0
0.0,0.0,0.0,0.0,0.0,0.3354101966249463,-1.5652475636821188,0.0,1.0
0.0,0.0,0.0,0.0,0.0,0.3354101966249463,-1.4534442083158476,0.0,1.0
0.0,0.0,0.0,0.0,0.0,0.3354101966249463,-1.3416407875546725,0.0,1.0
0.0,0.0,0.0,0.0,0.0,0.3354101966249463,-1.2298373667934972,0.0,1.0
0.0,0.0,0.0,0.0,0.0,0.3354101966249463,-1.118034011427133,0.0,1.0
0.0,0.0,0.0,0.0,0.0,0.3354101966249463,-1.0062305906659579,0.0,1.0
0.0,0.0,0.0,0.0,0.0,0.3354101966249463,-0.8944271699047827,0.0,1.0
0.0,0.0,0.0,0.0,0.0,0.3354101966249463,-0.7826238145385115,0.0,1.0
0.0,0.0,0.0,0.0,0.0,0.3354101966249463,-0.6708203937773363,0.0,1.0
0.0,0.0,0.0,0.0,0.0,0.3354101966249463,-0.5590169730161609,0.0,1.0
0.0,0.0,0.0,0.0,0.0,0.3354101966249463,-0.4472136176497969,0.0,1.0
0.0,0.0,0.0,0.0,0.0,0.3354101966249463,-0.3354101968887146,0.0,1.0
0.0,0.0,0.0,0.0,0.0,0.3354101966249463,-0.22360677612753935,0.0,1.0
0.0,0.0,0.0,0.0,0.0,0.3354101966249463,-0.11180342076117523,0.0,1.0
0.0,0.0,0.0,0.0,0.0,0.3354101966249463,0.0,0.0,1.0
0.0,0.0,0.0,0.0,0.0,0.3354101966249463,0.11180342076117523,0.0,1.0
0.0,0.0,0.0,0.0,0.0,0.3354101966249463,0.2236067761274464,0.0,1.0
0.0,0.0,0.0,0.0,0.0,0.3354101966249463,0.3354101968886216,0.0,1.0
0.0,0.0,0.0,0.0,0.0,0.3354101966249463,0.4472136176497969,0.0,1.0
0.0,0.0,0.0,0.0,0.0,0.3354101966249463,0.5590169730161609,0.0,1.0
0.0,0.0,0.0,0.0,0.0,0.3354101966249463,0.6708203937773363,0.0,1.0
0.0,0.0,0.0,0.0,0.0,0.3354101966249463,0.7826238145385115,0.0,1.0
0.0,0.0,0.0,0.0,0.0,0.3354101966249463,0.8944271699047827,0.0,1.0
0.0,0.0,0.0,0.0,0.0,0.3354101966249463,1.0062305906659579,0.0,1.0
0.0,0.0,0.0,0.0,0.0,0.3354101966249463,1.118034011427133,0.0,1.0
0.0,0.0,0.0,0.0,0.0,0.3354101966249463,1.2298373667934042,0.0,1.0
0.0,0.0,0.0,0.0,0.0,0.3354101966249463,1.3416407875545795,0.0,1.0
0.0,0.0,0.0,0.0,0.0,0.3354101966249463,1.4534442083157548,0.0,1.0
0.0,0.0,0.0,0.0,0.0,0.3354101966249463,1.5652475636821188,0.0,1.0
0.0,0.0,0.0,0.0,0.0,0.3354101966249463,1.6770509844432941,0.0,1.0
0.0,0.0,0.0,0.0,0.0,0.44721359549991585,-1.6770509844432941,0.0,1.0
0.0,0.0,0.0,0.0,0.0,0.44721359549991585,-1.5652475636821188,0.0,1.0
0.0,0.0,0.0,0.0,0.0,0.44721359549991585,-1.4534442083158476,0.0,1.0
0.0,0.0,0.0,0.0,0.0,0.44721359549991585,-1.3416407875546725,0.0,1.0
0.0,0.0,0.0,0.0,0.0,0.44721359549991585,-1.2298373667934972,0.0,1.0
0.0,0.0,0.0,0.0,0.0,0.44721359549991585,-1.118034011427133,0.0,1.0
0.0,0.0,0.0,0.0,0.0,0.44721359549991585,-1.0062305906659579,0.0,1.0
0.0,0.0,0.0,0.0,0.0,0.44721359549991585,-0.8944271699047827,0.0,1.0
0.0,0.0,0.0,0.0,0.0,0.44721359549991585,-0.7826238145385115,0.0,1.0
0.0,0.0,0.0,0.0,0.0,0.44721359549991585,-0.6708203937773363,0.0,1.0
0.0,0.0,0.0,0.0,0.0,0.44721359549991585,-0.5590169730161609,0.0,1.0
0.0,0.0,0.0,0.0,0.0,0.44721359549991585,-0.4472136176497969,0.0,1.0
0.0,0.0,0.0,0.0,0.0,0.44721359549991585,-0.3354101968887146,0.0,1.0
0.0,0.0,0.0,0.0,0.0,0.44721359549991585,-0.22360677612753935,0.0,1.0
0.0,0.0,0.0,0.0,0.0,0.44721359549991585,-0.11180342076117523,0.0,1.0
0.0,0.0,0.0,0.0,0.0,0.44721359549991585,0.0,0.0,1.0
0.0,0.0,0.0,0.0,0.0,0.44721359549991585,0.11180342076117523,0.0,1.0
0.0,0.0,0.0,0.0,0.0,0.44721359549991585,0.2236067761274464,0.0,1.0
0.0,0.0,0.0,0.0,0.0,0.44721359549991585,0.3354101968886216,0.0,1.0
0.0,0.0,0.0,0.0,0.0,0.44721359549991585,0.4472136176497969,0.0,1.0
0.0,0.0,0.0,0.0,0.0,0.44721359549991585,0.5590169730161609,0.0,1.0
0.0,0.0,0.0,0.0,0.0,0.44721359549991585,0.6708203937773363,0.0,1.0
0.0,0.0,0.0,0.0,0.0,0.44721359549991585,0.7826238145385115,0.0,1.0
0.0,0.0,0.0,0.0,0.0,0.44721359549991585,0.8944271699047827,0.0,1.0
0.0,0.0,0.0,0.0,0.0,0.44721359549991585,1.0062305906659579,0.0,1.0
0.0,0.0,0.0,0.0,0.0,0.44721359549991585,1.118034011427133,0.0,1.0
0.0,0.0,0.0,0.0,0.0,0.44721359549991585,1.2298373667934042,0.0,1.0
0.0,0.0,0.0,0.0,0.0,0.44721359549991585,1.3416407875545795,0.0,1.0
0.0,0.0,0.0,0.0,0.0,0.44721359549991585,1.4534442083157548,0.0,1.0
0.0,0.0,0.0,0.0,0.0,0.44721359549991585,1.5652475636821188,0.0,1.0
0.0,0.0,0.0,0.0,0.0,0.44721359549991585,1.6770509844432941,0.0,1.0
0.0,0.0,0.0,0.0,0.0,0.559016994374923,-1.6770509844432941,0.0,1.0
0.0,0.0,0.0,0.0,0.0,0.559016994374923,-1.5652475636821188,0.0,1.0
0.0,0.0,0.0,0.0,0.0,0.559016994374923,-1.4534442083158476,0.0,1.0
0.0,0.0,0.0,0.0,0.0,0.559016994374923,-1.3416407875546725,0.0,1.0
0.0,0.0,0.0,0.0,0.0,0.559016994374923,-1.2298373667934972,0.0,1.0
0.0,0.0,0.0,0.0,0.0,0.559016994374923,-1.118034011427133,0.0,1.0
0.0,0.0,0.0,0.0,0.0,0.559016994374923,-1.0062305906659579,0.0,1.0
0.0,0.0,0.0,0.0,0.0,0.559016994374923,-0.8944271699047827,0.0,1.0
0.0,0.0,0.0,0.0,0.0,0.559016994374923,-0.7826238145385115,0.0,1.0
0.0,0.0,0.0,0.0,0.0,0.559016994374923,-0.6708203937773363,0.0,1.0
0.0,0.0,0.0,0.0,0.0,0.559016994374923,-0.5590169730161609,0.0,1.0
0.0,0.0,0.0,0.0,0.0,0.559016994374923,-0.4472136176497969,0.0,1.0
0.0,0.0,0.0,0.0,0.0,0.559016994374923,-0.3354101968887146,0.0,1.0
0.0,0.0,0.0,0.0,0.0,0.559016994374923,-0.22360677612753935,0.0,1.0
0.0,0.0,0.0,0.0,0.0,0.559016994374923,-0.11180342076117523,0.0,1.0
0.0,0.0,0.0,0.0,0.0,0.559016994374923,0.0,0.0,1.0
0.0,0.0,0.0,0.0,0.0,0.559016994374923,0.11180342076117523,0.0,1.0
0.0,0.0,0.0,0.0,0.0,0.559016994374923,0.2236067761274464,0.0,1.0
0.0,0.0,0.0,0.0,0.0,0.559016994374923,0.3354101968886216,0.0,1.0
0.0,0.0,0.0,0.0,0.0,0.559016994374923,0.4472136176497969,0.0,1.0
0.0,0.0,0.0,0.0,0.0,0.559016994374923,0.5590169730161609,0.0,1.0
0.0,0.0,0.0,0.0,0.0,0.559016994374923,0.6708203937773363,0.0,1.0
0.0,0.0,0.0,0.0,0.0,0.559016994374923,0.7826238145385115,0.0,1.0
0.0,0.0,0.0,0.0,0.0,0.559016994374923,0.8944271699047827,0.0,1.0
0.0,0.0,0.0,0.0,0.0,0.559016994374923,1.0062305906659579,0.0,1.0
0.0,0.0,0.0,0.0,0.0,0.559016994374923,1.118034011427133,0.0,1.0
0.0,0.0,0.0,0.0,0.0,0.559016994374923,1.2298373667934042,0.0,1.0
0.0,0.0,0.0,0.0,0.0,0.559016994374923,1.3416407875545795,0.0,1.0
0.0,0.0,0.0,0.0,0.0,0.559016994374923,1.4534442083157548,0.0,1.0
0.0,0.0,0.0,0.0,0.0,0.559016994374923,1.5652475636821188,0.0,1.0
0.0,0.0,0.0,0.0,0.0,0.559016994374923,1.6770509844432941,0.0,1.0
0.0,0.0,0.0,0.0,0.0,0.6708203932498926,-1.6770509844432941,0.0,1.0
0.0,0.0,0.0,0.0,0.0,0.6708203932498926,-1.5652475636821188,0.0,1.0
0.0,0.0,0.0,0.0,0.0,0.6708203932498926,-1.4534442083158476,0.0,1.0
0.0,0.0,0.0,0.0,0.0,0.6708203932498926,-1.3416407875546725,0.0,1.0
0.0,0.0,0.0,0.0,0.0,0.6708203932498926,-1.2298373667934972,0.0,1.0
0.0,0.0,0.0,0.0,0.0,0.6708203932498926,-1.118034011427133,0.0,1.0
0.0,0.0,0.0,0.0,0.0,0.6708203932498926,-1.0062305906659579,0.0,1.0
0.0,0.0,0.0,0.0,0.0,0.6708203932498926,-0.8944271699047827,0.0,1.0
0.0,0.0,0.0,0.0,0.0,0.6708203932498926,-0.7826238145385115,0.0,1.0
0.0,0.0,0.0,0.0,0.0,0.6708203932498926,-0.6708203937773363,0.0,1.0
0.0,0.0,0.0,0.0,0.0,0.6708203932498926,-0.5590169730161609,0.0,1.0
0.0,0.0,0.0,0.0,0.0,0.6708203932498926,-0.4472136176497969,0.0,1.0
0.0,0.0,0.0,0.0,0.0,0.6708203932498926,-0.3354101968887146,0.0,1.0
0.0,0.0,0.0,0.0,0.0,0.6708203932498926,-0.22360677612753935,0.0,1.0
0.0,0.0,0.0,0.0,0.0,0.6708203932498926,-0.11180342076117523,0.0,1.0
0.0,0.0,0.0,0.0,0.0,0.6708203932498926,0.0,0.0,1.0
0.0,0.0,0.0,0.0,0.0,0.6708203932498926,0.11180342076117523,0.0,1.0
0.0,0.0,0.0,0.0,0.0,0.6708203932498926,0.2236067761274464,0.0,1.0
0.0,0.0,0.0,0.0,0.0,0.6708203932498926,0.3354101968886216,0.0,1.0
0.0,0.0,0.0,0.0,0.0,0.6708203932498926,0.4472136176497969,0.0,1.0
0.0,0.0,0.0,0.0,0.0,0.6708203932498926,0.5590169730161609,0.0,1.0
0.0,0.0,0.0,0.0,0.0,0.6708203932498926,0.6708203937773363,0.0,1.0
0.0,0.0,0.0,0.0,0.0,0.6708203932498926,0.7826238145385115,0.0,1.0
0.0,0.0,0.0,0.0,0.0,0.6708203932498926,0.8944271699047827,0.0,1.0
0.0,0.0,0.0,0.0,0.0,0.6708203932498926,1.0062305906659579,0.0,1.0
0.0,0.0,0.0,0.0,0.0,0.6708203932498926,1.118034011427133,0.0,1.0
0.0,0.0,0.0,0.0,0.0,0.6708203932498926,1.2298373667934042,0.0,1.0
0.0,0.0,0.0,0.0,0.0,0.6708203932498926,1.3416407875545795,0.0,1.0
0.0,0.0,0.0,0.0,0.0,0.6708203932498926,1.4534442083157548,0.0,1.0
0.0,0.0,0.0,0.0,0.0,0.6708203932498926,1.5652475636821188,0.0,1.0
0.0,0.0,0.0,0.0,0.0,0.6708203932498926,1.6770509844432941,0.0,1.0
0.0,0.0,0.0,0.0,0.0,0.7826237921248997,-1.6770509844432941,0.0,1.0
0.0,0.0,0.0,0.0,0.0,0.7826237921248997,-1.5652475636821188,0.0,1.0
0.0,0.0,0.0,0.0,0.0,0.7826237921248997,-1.4534442083158476,0.0,1.0
0.0,0.0,0.0,0.0,0.0,0.7826237921248997,-1.3416407875546725,0.0,1.0
0.0,0.0,0.0,0.0,0.0,0.7826237921248997,-1.2298373667934972,0.0,1.0
0.0,0.0,0.0,0.0,0.0,0.7826237921248997,-1.118034011427133,0.0,1.0
0.0,0.0,0.0,0.0,0.0,0.7826237921248997,-1.0062305906659579,0.0,1.0
0.0,0.0,0.0,0.0,0.0,0.7826237921248997,-0.8944271699047827,0.0,1.0
0.0,0.0,0.0,0.0,0.0,0.7826237921248997,-0.7826238145385115,0.0,1.0
0.0,0.0,0.0,0.0,0.0,0.7826237921248997,-0.6708203937773363,0.0,1.0
0.0,0.0,0.0,0.0,0.0,0.7826237921248997,-0.5590169730161609,0.0,1.0
0.0,0.0,0.0,0.0,0.0,0.7826237921248997,-0.4472136176497969,0.0,1.0
0.0,0.0,0.0,0.0,0.0,0.7826237921248997,-0.3354101968887146,0.0,1.0
0.0,0.0,0.0,0.0,0.0,0.7826237921248997,-0.22360677612753935,0.0,1.0
0.0,0.0,0.0,0.0,0.0,0.7826237921248997,-0.11180342076117523,0.0,1.0
0.0,0.0,0.0,0.0,0.0,0.7826237921248997,0.0,0.0,1.0
0.0,0.0,0.0,0.0,0.0,0.7826237921248997,0.11180342076117523,0.0,1.0
0.0,0.0,0.0,0.0,0.0,0.7826237921248997,0.2236067761274464,0.0,1.0
0.0,0.0,0.0,0.0,0.0,0.7826237921248997,0.3354101968886216,0.0,1.0
0.0,0.0,0.0,0.0,0.0,0.7826237921248997,0.4472136176497969,0.0,1.0
0.0,0.0,0.0,0.0,0.0,0.7826237921248997,0.5590169730161609,0.0,1.0
0.0,0.0,0.0,0.0,0.0,0.7826237921248997,0.6708203937773363,0.0,1.0
0.0,0.0,0.0,0.0,0.0,0.7826237921248997,0.7826238145385115,0.0,1.0
0.0,0.0,0.0,0.0,0.0,0.7826237921248997,0.8944271699047827,0.0,1.0
0.0,0.0,0.0,0.0,0.0,0.7826237921248997,1.0062305906659579,0.0,1.0
0.0,0.0,0.0,0.0,0.0,0.7826237921248997,1.118034011427133,0.0,1.0
0.0,0.0,0.0,0.0,0.0,0.7826237921248997,1.2298373667934042,0.0,1.0
0.0,0.0,0.0,0.0,0.0,0.7826237921248997,1.3416407875545795,0.0,1.0
0.0,0.0,0.0,0.0,0.0,0.7826237921248997,1.4534442083157548,0.0,1.0
0.0,0.0,0.0,0.0,0.0,0.7826237921248997,1.5652475636821188,0.0,1.0
0.0,0.0,0.0,0.0,0.0,0.7826237921248997,1.6770509844432941,0.0,1.0
0.0,0.0,0.0,0.0,0.0,0.8944271909998693,-1.6770509844432941,0.0,1.0
0.0,0.0,0.0,0.0,0.0,0.8944271909998693,-1.5652475636821188,0.0,1.0
0.0,0.0,0.0,0.0,0.0,0.8944271909998693,-1.4534442083158476,0.0,1.0
0.0,0.0,0.0,0.0,0.0,0.8944271909998693,-1.3416407875546725,0.0,1.0
0.0,0.0,0.0,0.0,0.0,0.8944271909998693,-1.2298373667934972,0.0,1.0
0.0,0.0,0.0,0.0,0.0,0.8944271909998693,-1.118034011427133,0.0,1.0
0.0,0.0,0.0,0.0,0.0,0.8944271909998693,-1.0062305906659579,0.0,1.0
0.0,0.0,0.0,0.0,0.0,0.8944271909998693,-0.8944271699047827,0.0,1.0
0.0,0.0,0.0,0.0,0.0,0.8944271909998693,-0.7826238145385115,0.0,1.0
0.0,0.0,0.0,0.0,0.0,0.8944271909998693,-0.6708203937773363,0.0,1.0
0.0,0.0,0.0,0.0,0.0,0.8944271909998693,-0.5590169730161609,0.0,1.0
0.0,0.0,0.0,0.0,0.0,0.8944271909998693,-0.4472136176497969,0.0,1.0
0.0,0.0,0.0,0.0,0.0,0.8944271909998693,-0.3354101968887146,0.0,1.0
0.0,0.0,0.0,0.0,0.0,0.8944271909998693,-0.22360677612753935,0.0,1.0
0.0,0.0,0.0,0.0,0.0,0.8944271909998693,-0.11180342076117523,0.0,1.0
0.0,0.0,0.0,0.0,0.0,0.8944271909998693,0.0,0.0,1.0
0.0,0.0,0.0,0.0,0.0,0.8944271909998693,0.11180342076117523,0.0,1.0
0.0,0.0,0.0,0.0,0.0,0.8944271909998693,0.2236067761274464,0.0,1.0
0.0,0.0,0.0,0.0,0.0,0.8944271909998693,0.3354101968886216,0.0,1.0
0.0,0.0,0.0,0.0,0.0,0.8944271909998693,0.4472136176497969,0.0,1.0
0.0,0.0,0.0,0.0,0.0,0.8944271909998693,0.5590169730161609,0.0,1.0
0.0,0.0,0.0,0.0,0.0,0.8944271909998693,0.6708203937773363,0.0,1.0
0.0,0.0,0.0,0.0,0.0,0.8944271909998693,0.7826238145385115,0.0,1.0
0.0,0.0,0.0,0.0,0.0,0.8944271909998693,0.8944271699047827,0.0,1.0
0.0,0.0,0.0,0.0,0.0,0.8944271909998693,1.0062305906659579,0.0,1.0
0.0,0.0,0.0,0.0,0.0,0.8944271909998693,1.118034011427133,0.0,1.0
0.0,0.0,0.0,0.0,0.0,0.8944271909998693,1.2298373667934042,0.0,1.0
0.0,0.0,0.0,0.0,0.0,0.8944271909998693,1.3416407875545795,0.0,1.0
0.0,0.0,0.0,0.0,0.0,0.8944271909998693,1.4534442083157548,0.0,1.0
0.0,0.0,0.0,0.0,0.0,0.8944271909998693,1.5652475636821188,0.0,1.0
0.0,0.0,0.0,0.0,0.0,0.8944271909998693,1.6770509844432941,0.0,1.0
0.0,0.0,0.0,0.0,0.0,1.0062305898748765,-1.6770509844432941,0.0,1.0
0.0,0.0,0.0,0.0,0.0,1.0062305898748765,-1.5652475636821188,0.0,1.0
0.0,0.0,0.0,0.0,0.0,1.0062305898748765,-1.4534442083158476,0.0,1.0
0.0,0.0,0.0,0.0,0.0,1.0062305898748765,-1.3416407875546725,0.0,1.0
0.0,0.0,0.0,0.0,0.0,1.0062305898748765,-1.2298373667934972,0.0,1.0
0.0,0.0,0.0,0.0,0.0,1.0062305898748765,-1.118034011427133,0.0,1.0
0.0,0.0,0.0,0.0,0.0,1.0062305898748765,-1.0062305906659579,0.0,1.0
0.0,0.0,0.0,0.0,0.0,1.0062305898748765,-0.8944271699047827,0.0,1.0
0.0,0.0,0.0,0.0,0.0,1.0062305898748765,-0.7826238145385115,0.0,1.0
0.0,0.0,0.0,0.0,0.0,1.0062305898748765,-0.6708203937773363,0.0,1.0
0.0,0.0,0.0,0.0,0.0,1.0062305898748765,-0.5590169730161609,0.0,1.0
0.0,0.0,0.0,0.0,0.0,1.0062305898748765,-0.4472136176497969,0.0,1.0
0.0,0.0,0.0,0.0,0.0,1.0062305898748765,-0.3354101968887146,0.0,1.0
0.0,0.0,0.0,0.0,0.0,1.0062305898748765,-0.22360677612753935,0.0,1.0
0.0,0.0,0.0,0.0,0.0,1.0062305898748765,-0.11180342076117523,0.0,1.0
0.0,0.0,0.0,0.0,0.0,1.0062305898748765,0.0,0.0,1.0
0.0,0.0,0.0,0.0,0.0,1.0062305898748765,0.11180342076117523,0.0,1.0
0.0,0.0,0.0,0.0,0.0,1.0062305898748765,0.2236067761274464,0.0,1.0
0.0,0.0,0.0,0.0,0.0,1.0062305898748765,0.3354101968886216,0.0,1.0
0.0,0.0,0.0,0.0,0.0,1.0062305898748765,0.4472136176497969,0.0,1.0
0.0,0.0,0.0,0.0,0.0,1.0062305898748765,0.5590169730161609,0.0,1.0
0.0,0.0,0.0,0.0,0.0,1.0062305898748765,0.6708203937773363,0.0,1.0
0.0,0.0,0.0,0.0,0.0,1.0062305898748765,0.7826238145385115,0.0,1.0
0.0,0.0,0.0,0.0,0.0,1.0062305898748765,0.8944271699047827,0.0,1.0
0.0,0.0,0.0,0.0,0.0,1.0062305898748765,1.0062305906659579,0.0,1.0
0.0,0.0,0.0,0.0,0.0,1.0062305898748765,1.118034011427133,0.0,1.0
0.0,0.0,0.0,0.0,0.0,1.0062305898748765,1.2298373667934042,0.0,1.0
0.0,0.0,0.0,0.0,0.0,1.0062305898748765,1.3416407875545795,0.0,1.0
0.0,0.0,0.0,0.0,0.0,1.0062305898748765,1.4534442083157548,0.0,1.0
0.0,0.0,0.0,0.0,0.0,1.0062305898748765,1.5652475636821188,0.0,1.0
0.0,0.0,0.0,0.0,0.0,1.0062305898748765,1.6770509844432941,0.0,1.0
0.0,0.0,0.0,0.0,0.0,1.118033988749846,-1.6770509844432941,0.0,1.0
0.0,0.0,0.0,0.0,0.0,1.118033988749846,-1.5652475636821188,0.0,1.0
0.0,0.0,0.0,0.0,0.0,1.118033988749846,-1.4534442083158476,0.0,1.0
0.0,0.0,0.0,0.0,0.0,1.118033988749846,-1.3416407875546725,0.0,1.0
0.0,0.0,0.0,0.0,0.0,1.118033988749846,-1.2298373667934972,0.0,1.0
0.0,0.0,0.0,0.0,0.0,1.118033988749846,-1.118034011427133,0.0,1.0
0.0,0.0,0.0,0.0,0.0,1.118033988749846,-1.0062305906659579,0.0,1.0
0.0,0.0,0.0,0.0,0.0,1.118033988749846,-0.8944271699047827,0.0,1.0
0.0,0.0,0.0,0.0,0.0,1.118033988749846,-0.7826238145385115,0.0,1.0
0.0,0.0,0.0,0.0,0.0,1.118033988749846,-0.6708203937773363,0.0,1.0
0.0,0.0,0.0,0.0,0.0,1.118033988749846,-0.5590169730161609,0.0,1.0
0.0,0.0,0.0,0.0,0.0,1.118033988749846,-0.4472136176497969,0.0,1.0
0.0,0.0,0.0,0.0,0.0,1.118033988749846,-0.3354101968887146,0.0,1.0
0.0,0.0,0.0,0.0,0.0,1.118033988749846,-0.22360677612753935,0.0,1.0
0.0,0.0,0.0,0.0,0.0,1.118033988749846,-0.11180342076117523,0.0,1.0
0.0,0.0,0.0,0.0,0.0,1.118033988749846,0.0,0.0,1.0
0.0,0.0,0.0,0.0,0.0,1.118033988749846,0.11180342076117523,0.0,1.0
0.0,0.0,0.0,0.0,0.0,1.118033988749846,0.2236067761274464,0.0,1.0
0.0,0.0,0.0,0.0,0.0,1.118033988749846,0.3354101968886216,0.0,1.0
0.0,0.0,0.0,0.0,0.0,1.118033988749846,0.4472136176497969,0.0,1.0
0.0,0.0,0.0,0.0,0.0,1.118033988749846,0.5590169730161609,0.0,1.0
0.0,0.0,0.0,0.0,0.0,1.118033988749846,0.6708203937773363,0.0,1.0
0.0,0.0,0.0,0.0,0.0,1.118033988749846,0.7826238145385115,0.0,1.0
0.0,0.0,0.0,0.0,0.0,1.118033988749846,0.8944271699047827,0.0,1.0
0.0,0.0,0.0,0.0,0.0,1.118033988749846,1.0062305906659579,0.0,1.0
0.0,0.0,0.0,0.0,0.0,1.118033988749846,1.118034011427133,0.0,1.0
0.0,0.0,0.0,0.0,0.0,1.118033988749846,1.2298373667934042,0.0,1.0
0.0,0.0,0.0,0.0,0.0,1.118033988749846,1.3416407875545795,0.0,1.0
0.0,0.0,0.0,0.0,0.0,1.118033988749846,1.4534442083157548,0.0,1.0
0.0,0.0,0.0,0.0,0.0,1.118033988749846,1.5652475636821188,0.0,1.0
0.0,0.0,0.0,0.0,0.0,1.118033988749846,1.6770509844432941,0.0,1.0
0.0,0.0,0.0,0.0,0.0,1.2298373876248532,-1.6770509844432941,0.0,1.0
0.0,0.0,0.0,0.0,0.0,1.2298373876248532,-1.5652475636821188,0.0,1.0
0.0,0.0,0.0,0.0,0.0,1.2298373876248532,-1.4534442083158476,0.0,1.0
0.0,0.0,0.0,0.0,0.0,1.2298373876248532,-1.3416407875546725,0.0,1.0
0.0,0.0,0.0,0.0,0.0,1.2298373876248532,-1.2298373667934972,0.0,1.0
0.0,0.0,0.0,0.0,0.0,1.2298373876248532,-1.118034011427133,0.0,1.0
0.0,0.0,0.0,0.0,0.0,1.2298373876248532,-1.0062305906659579,0.0,1.0
0.0,0.0,0.0,0.0,0.0,1.2298373876248532,-0.8944271699047827,0.0,1.0
0.0,0.0,0.0,0.0,0.0,1.2298373876248532,-0.7826238145385115,0.0,1.0
0.0,0.0,0.0,0.0,0.0,1.2298373876248532,-0.6708203937773363,0.0,1.0
0.0,0.0,0.0,0.0,0.0,1.2298373876248532,-0.5590169730161609,0.0,1.0
0.0,0.0,0.0,0.0,0.0,1.2298373876248532,-0.4472136176497969,0.0,1.0
0.0,0.0,0.0,0.0,0.0,1.2298373876248532,-0.3354101968887146,0.0,1.0
0.0,0.0,0.0,0.0,0.0,1.2298373876248532,-0.22360677612753935,0.0,1.0
0.0,0.0,0.0,0.0,0.0,1.2298373876248532,-0.11180342076117523,0.0,1.0
0.0,0.0,0.0,0.0,0.0,1.2298373876248532,0.0,0.0,1.0
0.0,0.0,0.0,0.0,0.0,1.2298373876248532,0.11180342076117523,0.0,1.0
0.0,0.0,0.0,0.0,0.0,1.2298373876248532,0.2236067761274464,0.0,1.0
0.0,0.0,0.0,0.0,0.0,1.2298373876248532,0.3354101968886216,0.0,1.0
0.0,0.0,0.0,0.0,0.0,1.2298373876248532,0.4472136176497969,0.0,1.0
0.0,0.0,0.0,0.0,0.0,1.2298373876248532,0.5590169730161609,0.0,1.0
0.0,0.0,0.0,0.0,0.0,1.2298373876248532,0.6708203937773363,0.0,1.0
0.0,0.0,0.0,0.0,0.0,1.2298373876248532,0.7826238145385115,0.0,1.0
0.0,0.0,0.0,0.0,0.0,1.2298373876248532,0.8944271699047827,0.0,1.0
0.0,0.0,0.0,0.0,0.0,1.2298373876248532,1.0062305906659579,0.0,1.0
0.0,0.0,0.0,0.0,0.0,1.2298373876248532,1.118034011427133,0.0,1.0
0.0,0.0,0.0,0.0,0.0,1.2298373876248532,1.2298373667934042,0.0,1.0
0.0,0.0,0.0,0.0,0.0,1.2298373876248532,1.3416407875545795,0.0,1.0
0.0,0.0,0.0,0.0,0.0,1.2298373876248532,1.4534442083157548,0.0,1.0
0.0,0.0,0.0,0.0,0.0,1.2298373876248532,1.5652475636821188,0.0,1.0
0.0,0.0,0.0,0.0,0.0,1.2298373876248532,1.6770509844432941,0.0,1.0
0.0,0.0,0.0,0.0,0.0,1.3416407864998603,-1.6770509844432941,0.0,1.0
0.0,0.0,0.0,0.0,0.0,1.3416407864998603,-1.5652475636821188,0.0,1.0
0.0,0.0,0.0,0.0,0.0,1.3416407864998603,-1.4534442083158476,0.0,1.0
0.0,0.0,0.0,0.0,0.0,1.3416407864998603,-1.3416407875546725,0.0,1.0
0.0,0.0,0.0,0.0,0.0,1.3416407864998603,-1.2298373667934972,0.0,1.0
0.0,0.0,0.0,0.0,0.0,1.3416407864998603,-1.118034011427133,0.0,1.0
0.0,0.0,0.0,0.0,0.0,1.3416407864998603,-1.0062305906659579,0.0,1.0
0.0,0.0,0.0,0.0,0.0,1.3416407864998603,-0.8944271699047827,0.0,1.0
0.0,0.0,0.0,0.0,0.0,1.3416407864998603,-0.7826238145385115,0.0,1.0
0.0,0.0,0.0,0.0,0.0,1.3416407864998603,-0.6708203937773363,0.0,1.0
0.0,0.0,0.0,0.0,0.0,1.3416407864998603,-0.5590169730161609,0.0,1.0
0.0,0.0,0.0,0.0,0.0,1.3416407864998603,-0.4472136176497969,0.0,1.0
0.0,0.0,0.0,0.0,0.0,1.3416407864998603,-0.3354101968887146,0.0,1.0
0.0,0.0,0.0,0.0,0.0,1.3416407864998603,-0.22360677612753935,0.0,1.0
0.0,0.0,0.0,0.0,0.0,1.3416407864998603,-0.11180342076117523,0.0,1.0
0.0,0.0,0.0,0.0,0.0,1.3416407864998603,0.0,0.0,1.0
0.0,0.0,0.0,0.0,0.0,1.3416407864998603,0.11180342076117523,0.0,1.0
0.0,0.0,0.0,0.0,0.0,1.3416407864998603,0.2236067761274464,0.0,1.0
0.0,0.0,0.0,0.0,0.0,1.3416407864998603,0.3354101968886216,0.0,1.0
0.0,0.0,0.0,0.0,0.0,1.3416407864998603,0.4472136176497969,0.0,1.0
0.0,0.0,0.0,0.0,0.0,1.3416407864998603,0.5590169730161609,0.0,1.0
0.0,0.0,0.0,0.0,0.0,1.3416407864998603,0.6708203937773363,0.0,1.0
0.0,0.0,0.0,0.0,0.0,1.3416407864998603,0.7826238145385115,0.0,1.0
0.0,0.0,0.0,0.0,0.0,1.3416407864998603,0.8944271699047827,0.0,1.0
0.0,0.0,0.0,0.0,0.0,1.3416407864998603,1.0062305906659579,0.0,1.0
0.0,0.0,0.0,0.0,0.0,1.3416407864998603,1.118034011427133,0.0,1.0
0.0,0.0,0.0,0.0,0.0,1.3416407864998603,1.2298373667934042,0.0,1.0
0.0,0.0,0.0,0.0,0.0,1.3416407864998603,1.3416407875545795,0.0,1.0
0.0,0.0,0.0,0.0,0.0,1.3416407864998603,1.4534442083157548,0.0,1.0
0.0,0.0,0.0,0.0,0.0,1.3416407864998603,1.5652475636821188,0.0,1.0
0.0,0.0,0.0,0.0,0.0,1.3416407864998603,1.6770509844432941,0.0,1.0
0.0,0.0,0.0,0.0,0.0,1.4534441853748299,-1.6770509844432941,0.0,1.0
0.0,0.0,0.0,0.0,0.0,1.4534441853748299,-1.5652475636821188,0.0,1.0
0.0,0.0,0.0,0.0,0.0,1.4534441853748299,-1.4534442083158476,0.0,1.0
0.0,0.0,0.0,0.0,0.0,1.4534441853748299,-1.3416407875546725,0.0,1.0
0.0,0.0,0.0,0.0,0.0,1.4534441853748299,-1.2298373667934972,0.0,1.0
0.0,0.0,0.0,0.0,0.0,1.4534441853748299,-1.118034011427133,0.0,1.0
0.0,0.0,0.0,0.0,0.0,1.4534441853748299,-1.0062305906659579,0.0,1.0
0.0,0.0,0.0,0.0,0.0,1.4534441853748299,-0.8944271699047827,0.0,1.0
0.0,0.0,0.0,0.0,0.0,1.4534441853748299,-0.7826238145385115,0.0,1.0
0.0,0.0,0.0,0.0,0.0,1.4534441853748299,-0.6708203937773363,0.0,1.0
0.0,0.0,0.0,0.0,0.0,1.4534441853748299,-0.5590169730161609,0.0,1.0
0.0,0.0,0.0,0.0,0.0,1.4534441853748299,-0.4472136176497969,0.0,1.0
0.0,0.0,0.0,0.0,0.0,1.4534441853748299,-0.3354101968887146,0.0,1.0
0.0,0.0,0.0,0.0,0.0,1.4534441853748299,-0.22360677612753935,0.0,1.0
0.0,0.0,0.0,0.0,0.0,1.4534441853748299,-0.11180342076117523,0.0,1.0
0.0,0.0,0.0,0.0,0.0,1.4534441853748299,0.0,0.0,1.0
0.0,0.0,0.0,0.0,0.0,1.4534441853748299,0.11180342076117523,0.0,1.0
0.0,0.0,0.0,0.0,0.0,1.4534441853748299,0.2236067761274464,0.0,1.0
0.0,0.0,0.0,0.0,0.0,1.4534441853748299,0.3354101968886216,0.0,1.0
0.0,0.0,0.0,0.0,0.0,1.4534441853748299,0.4472136176497969,0.0,1.0
0.0,0.0,0.0,0.0,0.0,1.4534441853748299,0.5590169730161609,0.0,1.0
0.0,0.0,0.0,0.0,0.0,1.4534441853748299,0.6708203937773363,0.0,1.0
0.0,0.0,0.0,0.0,0.0,1.4534441853748299,0.7826238145385115,0.0,1.0
0.0,0.0,0.0,0.0,0.0,1.4534441853748299,0.8944271699047827,0.0,1.0
0.0,0.0,0.0,0.0,0.0,1.4534441853748299,1.0062305906659579,0.0,1.0
0.0,0.0,0.0,0.0,0.0,1.4534441853748299,1.118034011427133,0.0,1.0
0.0,0.0,0.0,0.0,0.0,1.4534441853748299,1.2298373667934042,0.0,1.0
0.0,0.0,0.0,0.0,0.0,1.4534441853748299,1.3416407875545795,0.0,1.0
0.0,0.0,0.0,0.0,0.0,1.4534441853748299,1.4534442083157548,0.0,1.0
0.0,0.0,0.0,0.0,0.0,1.4534441853748299,1.5652475636821188,0.0,1.0
0.0,0.0,0.0,0.0,0.0,1.4534441853748299,1.6770509844432941,0.0,1.0
0.0,0.0,0.0,0.0,0.0,1.565247584249837,-1.6770509844432941,0.0,1.0
0.0,0.0,0.0,0.0,0.0,1.565247584249837,-1.5652475636821188,0.0,1.0
0.0,0.0,0.0,0.0,0.0,1.565247584249837,-1.4534442083158476,0.0,1.0
0.0,0.0,0.0,0.0,0.0,1.565247584249837,-1.3416407875546725,0.0,1.0
0.0,0.0,0.0,0.0,0.0,1.565247584249837,-1.2298373667934972,0.0,1.0
0.0,0.0,0.0,0.0,0.0,1.565247584249837,-1.118034011427133,0.0,1.0
0.0,0.0,0.0,0.0,0.0,1.565247584249837,-1.0062305906659579,0.0,1.0
0.0,0.0,0.0,0.0,0.0,1.565247584249837,-0.8944271699047827,0.0,1.0
0.0,0.0,0.0,0.0,0.0,1.565247584249837,-0.7826238145385115,0.0,1.0
0.0,0.0,0.0,0.0,0.0,1.565247584249837,-0.6708203937773363,0.0,1.0
0.0,0.0,0.0,0.0,0.0,1.565247584249837,-0.5590169730161609,0.0,1.0
0.0,0.0,0.0,0.0,0.0,1.565247584249837,-0.4472136176497969,0.0,1.0
0.0,0.0,0.0,0.0,0.0,1.565247584249837,-0.3354101968887146,0.0,1.0
0.0,0.0,0.0,0.0,0.0,1.565247584249837,-0.22360677612753935,0.0,1.0
0.0,0.0,0.0,0.0,0.0,1.565247584249837,-0.11180342076117523,0.0,1.0
0.0,0.0,0.0,0.0,0.0,1.565247584249837,0.0,0.0,1.0
0.0,0.0,0.0,0.0,0.0,1.565247584249837,0.11180342076117523,0.0,1.0
0.0,0.0,0.0,0.0,0.0,1.565247584249837,0.2236067761274464,0.0,1.0
0.0,0.0,0.0,0.0,0.0,1.565247584249837,0.3354101968886216,0.0,1.0
0.0,0.0,0.0,0.0,0.0,1.565247584249837,0.4472136176497969,0.0,1.0
0.0,0.0,0.0,0.0,0.0,1.565247584249837,0.5590169730161609,0.0,1.0
0.0,0.0,0.0,0.0,0.0,1.565247584249837,0.6708203937773363,0.0,1.0
0.0,0.0,0.0,0.0,0.0,1.565247584249837,0.7826238145385115,0.0,1.0
0.0,0.0,0.0,0.0,0.0,1.565247584249837,0.8944271699047827,0.0,1.0
0.0,0.0,0.0,0.0,0.0,1.565247584249837,1.0062305906659579,0.0,1.0
0.0,0.0,0.0,0.0,0.0,1.565247584249837,1.118034011427133,0.0,1.0
0.0,0.0,0.0,0.0,0.0,1.565247584249837,1.2298373667934042,0.0,1.0
0.0,0.0,0.0,0.0,0.0,1.565247584249837,1.3416407875545795,0.0,1.0
0.0,0.0,0.0,0.0,0.0,1.565247584249837,1.4534442083157548,0.0,1.0
0.0,0.0,0.0,0.0,0.0,1.565247584249837,1.5652475636821188,0.0,1.0
0.0,0.0,0.0,0.0,0.0,1.565247584249837,1.6770509844432941,0.0,1.0
0.0,0.0,0.0,0.0,0.0,1.6770509831248066,-1.6770509844432941,0.0,1.0
0.0,0.0,0.0,0.0,0.0,1.6770509831248066,-1.5652475636821188,0.0,1.0
0.0,0.0,0.0,0.0,0.0,1.6770509831248066,-1.4534442083158476,0.0,1.0
0.0,0.0,0.0,0.0,0.0,1.6770509831248066,-1.3416407875546725,0.0,1.0
0.0,0.0,0.0,0.0,0.0,1.6770509831248066,-1.2298373667934972,0.0,1.0
0.0,0.0,0.0,0.0,0.0,1.6770509831248066,-1.118034011427133,0.0,1.0
0.0,0.0,0.0,0.0,0.0,1.6770509831248066,-1.0062305906659579,0.0,1.0
0.0,0.0,0.0,0.0,0.0,1.6770509831248066,-0.8944271699047827,0.0,1.0
0.0,0.0,0.0,0.0,0.0,1.6770509831248066,-0.7826238145385115,0.0,1.0
0.0,0.0,0.0,0.0,0.0,1.6770509831248066,-0.6708203937773363,0.0,1.0
0.0,0.0,0.0,0.0,0.0,1.6770509831248066,-0.5590169730161609,0.0,1.0
0.0,0.0,0.0,0.0,0.0,1.6770509831248066,-0.4472136176497969,0.0,1.0
0.0,0.0,0.0,0.0,0.0,1.6770509831248066,-0.3354101968887146,0.0,1.0
0.0,0.0,0.0,0.0,0.0,1.6770509831248066,-0.22360677612753935,0.0,1.0
0.0,0.0,0.0,0.0,0.0,1.6770509831248066,-0.11180342076117523,0.0,1.0
0.0,0.0,0.0,0.0,0.0,1.6770509831248066,0.0,0.0,1.0
0.0,0.0,0.0,0.0,0.0,1.6770509831248066,0.11180342076117523,0.0,1.0
0.0,0.0,0.0,0.0,0.0,1.6770509831248066,0.2236067761274464,0.0,1.0
0.0,0.0,0.0,0.0,0.0,1.6770509831248066,0.3354101968886216,0.0,1.0
0.0,0.0,0.0,0.0,0.0,1.6770509831248066,0.4472136176497969,0.0,1.0
0.0,0.0,0.0,0.0,0.0,1.6770509831248066,0.5590169730161609,0.0,1.0
0.0,0.0,0.0,0.0,0.0,1.6770509831248066,0.6708203937773363,0.0,1.0
0.0,0.0,0.0,0.0,0.0,1.6770509831248066,0.7826238145385115,0.0,1.0
0.0,0.0,0.0,0.0,0.0,1.6770509831248066,0.8944271699047827,0.0,1.0
0.0,0.0,0.0,0.0,0.0,1.6770509831248066,1.0062305906659579,0.0,1.0
0.0,0.0,0.0,0.0,0.0,1.6770509831248066,1.118034011427133,0.0,1.0
0.0,0.0,0.0,0.0,0.0,1.6770509831248066,1.2298373667934042,0.0,1.0
0.0,0.0,0.0,0.0,0.0,1.6770509831248066,1.3416407875545795,0.0,1.0
0.0,0.0,0.0,0.0,0.0,1.6770509831248066,1.4534442083157548,0.0,1.0
0.0,0.0,0.0,0.0,0.0,1.6770509831248066,1.5652475636821188,0.0,1.0
0.0,0.0,0.0,0.0,0.0,1.6770509831248066,1.6770509844432941,0.0,1.0
