0.0,0.0
0.0,1.66666
0.0,3.33332
0.0,4.99998
0.0,6.66664
0.0,8.3333
0.0,9.99996
0.0,11.66662
0.0,13.33328
0.0,14.99994
0.0,16.6666
0.0,18.33326
0.0,19.99992
0.0,21.66658
0.0,23.33324
0.0,24.9999
0.0,26.66656
0.0,28.33322
0.0,29.99988
0.0,31.66654
0.0,33.3332
0.0,34.99986
0.0,36.66652
0.0,38.33318
0.0,39.99984
0.0,41.6665
0.0,43.33316
0.0,44.99982
0.0,46.66648
0.0,48.33314
2.33333,0.0
2.33333,1.66666
2.33333,3.33332
2.33333,4.99998
2.33333,6.66664
2.33333,8.3333
2.33333,9.99996
2.33333,11.66662
2.33333,13.33328
2.33333,14.99994
2.33333,16.6666
2.33333,18.33326
2.33333,19.99992
2.33333,21.66658
2.33333,23.33324
2.33333,24.9999
2.33333,26.66656
2.33333,28.33322
2.33333,29.99988
2.33333,31.66654
2.33333,33.3332
2.33333,34.99986
2.33333,36.66652
2.33333,38.33318
2.33333,39.99984
2.33333,41.6665
2.33333,43.33316
2.33333,44.99982
2.33333,46.66648
2.33333,48.33314
4.66666,0.0
4.66666,1.66666
4.66666,3.33332
4.66666,4.99998
4.66666,6.66664
4.66666,8.3333
4.66666,9.99996
4.66666,11.66662
4.66666,13.33328
4.66666,14.99994
4.66666,16.6666
4.66666,18.33326
4.66666,19.99992
4.66666,21.66658
4.66666,23.33324
4.66666,24.9999
4.66666,26.66656
4.66666,28.33322
4.66666,29.99988
4.66666,31.66654
4.66666,33.3332
4.66666,34.99986
4.66666,36.66652
4.66666,38.33318
4.66666,39.99984
4.66666,41.6665
4.66666,43.33316
4.66666,44.99982
4.66666,46.66648
4.66666,48.33314
6.99999,0.0
6.99999,1.66666
6.99999,3.33332
6.99999,4.99998
6.99999,6.66664
6.99999,8.3333
6.99999,9.99996
6.99999,11.66662
6.99999,13.33328
6.99999,14.99994
6.99999,16.6666
6.99999,18.33326
6.99999,19.99992
6.99999,21.66658
6.99999,23.33324
6.99999,24.9999
6.99999,26.66656
6.99999,28.33322
6.99999,29.99988
6.99999,31.66654
6.99999,33.3332
6.99999,34.99986
6.99999,36.66652
6.99999,38.33318
6.99999,39.99984
6.99999,41.6665
6.99999,43.33316
6.99999,44.99982
6.99999,46.66648
6.99999,48.33314
9.33332,0.0
9.33332,1.66666
9.33332,3.33332
9.33332,4.99998
9.33332,6.66664
9.33332,8.3333
9.33332,9.99996
9.33332,11.66662
9.33332,13.33328
9.33332,14.99994
9.33332,16.6666
9.33332,18.33326
9.33332,19.99992
9.33332,21.66658
9.33332,23.33324
9.33332,24.9999
9.33332,26.66656
9.33332,28.33322
9.33332,29.99988
9.33332,31.66654
9.33332,33.3332
9.33332,34.99986
9.33332,36.66652
9.33332,38.33318
9.33332,39.99984
9.33332,41.6665
9.33332,43.33316
9.33332,44.99982
9.33332,46.66648
9.33332,48.33314
11.66665,0.0
11.66665,1.66666
11.66665,3.33332
11.66665,4.99998
11.66665,6.66664
11.66665,8.3333
11.66665,9.99996
11.66665,11.66662
11.66665,13.33328
11.66665,14.99994
11.66665,16.6666
11.66665,18.33326
11.66665,19.99992
11.66665,21.66658
11.66665,23.33324
11.66665,24.9999
11.66665,26.66656
11.66665,28.33322
11.66665,29.99988
11.66665,31.66654
11.66665,33.3332
11.66665,34.99986
11.66665,36.66652
11.66665,38.33318
11.66665,39.99984
11.66665,41.6665
11.66665,43.33316
11.66665,44.99982
11.66665,46.66648
11.66665,48.33314
13.99998,0.0
13.99998,1.66666
13.99998,3.33332
13.99998,4.99998
13.99998,6.66664
13.99998,8.3333
13.99998,9.99996
13.99998,11.66662
13.99998,13.33328
13.99998,14.99994
13.99998,16.6666
13.99998,18.33326
13.99998,19.99992
13.99998,21.66658
13.99998,23.33324
13.99998,24.9999
13.99998,26.66656
13.99998,28.33322
13.99998,29.99988
13.99998,31.66654
13.99998,33.3332
13.99998,34.99986
13.99998,36.66652
13.99998,38.33318
13.99998,39.99984
13.99998,41.6665
13.99998,43.33316
13.99998,44.99982
13.99998,46.66648
13.99998,48.33314
16.33331,0.0
16.33331,1.66666
16.33331,3.33332
16.33331,4.99998
16.33331,6.66664
16.33331,8.3333
16.33331,9.99996
16.33331,11.66662
16.33331,13.33328
16.33331,14.99994
16.33331,16.6666
16.33331,18.33326
16.33331,19.99992
16.33331,21.66658
16.33331,23.33324
16.33331,24.9999
16.33331,26.66656
16.33331,28.33322
16.33331,29.99988
16.33331,31.66654
16.33331,33.3332
16.33331,34.99986
16.33331,36.66652
16.33331,38.33318
16.33331,39.99984
16.33331,41.6665
16.33331,43.33316
16.33331,44.99982
16.33331,46.66648
16.33331,48.33314
18.66664,0.0
18.66664,1.66666
18.66664,3.33332
18.66664,4.99998
18.66664,6.66664
18.66664,8.3333
18.66664,9.99996
18.66664,11.66662
18.66664,13.33328
18.66664,14.99994
18.66664,16.6666
18.66664,18.33326
18.66664,19.99992
18.66664,21.66658
18.66664,23.33324
18.66664,24.9999
18.66664,26.66656
18.66664,28.33322
18.66664,29.99988
18.66664,31.66654
18.66664,33.3332
18.66664,34.99986
18.66664,36.66652
18.66664,38.33318
18.66664,39.99984
18.66664,41.6665
18.66664,43.33316
18.66664,44.99982
18.66664,46.66648
18.66664,48.33314
20.99997,0.0
20.99997,1.66666
20.99997,3.33332
20.99997,4.99998
20.99997,6.66664
20.99997,8.3333
20.99997,9.99996
20.99997,11.66662
20.99997,13.33328
20.99997,14.99994
20.99997,16.6666
20.99997,18.33326
20.99997,19.99992
20.99997,21.66658
20.99997,23.33324
20.99997,24.9999
20.99997,26.66656
20.99997,28.33322
20.99997,29.99988
20.99997,31.66654
20.99997,33.3332
20.99997,34.99986
20.99997,36.66652
20.99997,38.33318
20.99997,39.99984
20.99997,41.6665
20.99997,43.33316
20.99997,44.99982
20.99997,46.66648
20.99997,48.33314
23.3333,0.0
23.3333,1.66666
23.3333,3.33332
23.3333,4.99998
23.3333,6.66664
23.3333,8.3333
23.3333,9.99996
23.3333,11.66662
23.3333,13.33328
23.3333,14.99994
23.3333,16.6666
23.3333,18.33326
23.3333,19.99992
23.3333,21.66658
23.3333,23.33324
23.3333,24.9999
23.3333,26.66656
23.3333,28.33322
23.3333,29.99988
23.3333,31.66654
23.3333,33.3332
23.3333,34.99986
23.3333,36.66652
23.3333,38.33318
23.3333,39.99984
23.3333,41.6665
23.3333,43.33316
23.3333,44.99982
23.3333,46.66648
23.3333,48.33314
25.66663,0.0
25.66663,1.66666
25.66663,3.33332
25.66663,4.99998
25.66663,6.66664
25.66663,8.3333
25.66663,9.99996
25.66663,11.66662
25.66663,13.33328
25.66663,14.99994
25.66663,16.6666
25.66663,18.33326
25.66663,19.99992
25.66663,21.66658
25.66663,23.33324
25.66663,24.9999
25.66663,26.66656
25.66663,28.33322
25.66663,29.99988
25.66663,31.66654
25.66663,33.3332
25.66663,34.99986
25.66663,36.66652
25.66663,38.33318
25.66663,39.99984
25.66663,41.6665
25.66663,43.33316
25.66663,44.99982
25.66663,46.66648
25.66663,48.33314
27.99996,0.0
27.99996,1.66666
27.99996,3.33332
27.99996,4.99998
27.99996,6.66664
27.99996,8.3333
27.99996,9.99996
27.99996,11.66662
27.99996,13.33328
27.99996,14.99994
27.99996,16.6666
27.99996,18.33326
27.99996,19.99992
27.99996,21.66658
27.99996,23.33324
27.99996,24.9999
27.99996,26.66656
27.99996,28.33322
27.99996,29.99988
27.99996,31.66654
27.99996,33.3332
27.99996,34.99986
27.99996,36.66652
27.99996,38.33318
27.99996,39.99984
27.99996,41.6665
27.99996,43.33316
27.99996,44.99982
27.99996,46.66648
27.99996,48.33314
30.33329,0.0
30.33329,1.66666
30.33329,3.33332
30.33329,4.99998
30.33329,6.66664
30.33329,8.3333
30.33329,9.99996
30.33329,11.66662
30.33329,13.33328
30.33329,14.99994
30.33329,16.6666
30.33329,18.33326
30.33329,19.99992
30.33329,21.66658
30.33329,23.33324
30.33329,24.9999
30.33329,26.66656
30.33329,28.33322
30.33329,29.99988
30.33329,31.66654
30.33329,33.3332
30.33329,34.99986
30.33329,36.66652
30.33329,38.33318
30.33329,39.99984
30.33329,41.6665
30.33329,43.33316
30.33329,44.99982
30.33329,46.66648
30.33329,48.33314
32.66662,0.0
32.66662,1.66666
32.66662,3.33332
32.66662,4.99998
32.66662,6.66664
32.66662,8.3333
32.66662,9.99996
32.66662,11.66662
32.66662,13.33328
32.66662,14.99994
32.66662,16.6666
32.66662,18.33326
32.66662,19.99992
32.66662,21.66658
32.66662,23.33324
32.66662,24.9999
32.66662,26.66656
32.66662,28.33322
32.66662,29.99988
32.66662,31.66654
32.66662,33.3332
32.66662,34.99986
32.66662,36.66652
32.66662,38.33318
32.66662,39.99984
32.66662,41.6665
32.66662,43.33316
32.66662,44.99982
32.66662,46.66648
32.66662,48.33314
34.99995,0.0
34.99995,1.66666
34.99995,3.33332
34.99995,4.99998
34.99995,6.66664
34.99995,8.3333
34.99995,9.99996
34.99995,11.66662
34.99995,13.33328
34.99995,14.99994
34.99995,16.6666
34.99995,18.33326
34.99995,19.99992
34.99995,21.66658
34.99995,23.33324
34.99995,24.9999
34.99995,26.66656
34.99995,28.33322
34.99995,29.99988
34.99995,31.66654
34.99995,33.3332
34.99995,34.99986
34.99995,36.66652
34.99995,38.33318
34.99995,39.99984
34.99995,41.6665
34.99995,43.33316
34.99995,44.99982
34.99995,46.66648
34.99995,48.33314
37.33328,0.0
37.33328,1.66666
37.33328,3.33332
37.33328,4.99998
37.33328,6.66664
37.33328,8.3333
37.33328,9.99996
37.33328,11.66662
37.33328,13.33328
37.33328,14.99994
37.33328,16.6666
37.33328,18.33326
37.33328,19.99992
37.33328,21.66658
37.33328,23.33324
37.33328,24.9999
37.33328,26.66656
37.33328,28.33322
37.33328,29.99988
37.33328,31.66654
37.33328,33.3332
37.33328,34.99986
37.33328,36.66652
37.33328,38.33318
37.33328,39.99984
37.33328,41.6665
37.33328,43.33316
37.33328,44.99982
37.33328,46.66648
37.33328,48.33314
39.66661,0.0
39.66661,1.66666
39.66661,3.33332
39.66661,4.99998
39.66661,6.66664
39.66661,8.3333
39.66661,9.99996
39.66661,11.66662
39.66661,13.33328
39.66661,14.99994
39.66661,16.6666
39.66661,18.33326
39.66661,19.99992
39.66661,21.66658
39.66661,23.33324
39.66661,24.9999
39.66661,26.66656
39.66661,28.33322
39.66661,29.99988
39.66661,31.66654
39.66661,33.3332
39.66661,34.99986
39.66661,36.66652
39.66661,38.33318
39.66661,39.99984
39.66661,41.6665
39.66661,43.33316
39.66661,44.99982
39.66661,46.66648
39.66661,48.33314
41.99994,0.0
41.99994,1.66666
41.99994,3.33332
41.99994,4.99998
41.99994,6.66664
41.99994,8.3333
41.99994,9.99996
41.99994,11.66662
41.99994,13.33328
41.99994,14.99994
41.99994,16.6666
41.99994,18.33326
41.99994,19.99992
41.99994,21.66658
41.99994,23.33324
41.99994,24.9999
41.99994,26.66656
41.99994,28.33322
41.99994,29.99988
41.99994,31.66654
41.99994,33.3332
41.99994,34.99986
41.99994,36.66652
41.99994,38.33318
41.99994,39.99984
41.99994,41.6665
41.99994,43.33316
41.99994,44.99982
41.99994,46.66648
41.99994,48.33314
44.33327,0.0
44.33327,1.66666
44.33327,3.33332
44.33327,4.99998
44.33327,6.66664
44.33327,8.3333
44.33327,9.99996
44.33327,11.66662
44.33327,13.33328
44.33327,14.99994
44.33327,16.6666
44.33327,18.33326
44.33327,19.99992
44.33327,21.66658
44.33327,23.33324
44.33327,24.9999
44.33327,26.66656
44.33327,28.33322
44.33327,29.99988
44.33327,31.66654
44.33327,33.3332
44.33327,34.99986
44.33327,36.66652
44.33327,38.33318
44.33327,39.99984
44.33327,41.6665
44.33327,43.33316
44.33327,44.99982
44.33327,46.66648
44.33327,48.33314
46.6666,0.0
46.6666,1.66666
46.6666,3.33332
46.6666,4.99998
46.6666,6.66664
46.6666,8.3333
46.6666,9.99996
46.6666,11.66662
46.6666,13.33328
46.6666,14.99994
46.6666,16.6666
46.6666,18.33326
46.6666,19.99992
46.6666,21.66658
46.6666,23.33324
46.6666,24.9999
46.6666,26.66656
46.6666,28.33322
46.6666,29.99988
46.6666,31.66654
46.6666,33.3332
46.6666,34.99986
46.6666,36.66652
46.6666,38.33318
46.6666,39.99984
46.6666,41.6665
46.6666,43.33316
46.6666,44.99982
46.6666,46.66648
46.6666,48.33314
48.99993,0.0
48.99993,1.66666
48.99993,3.33332
48.99993,4.99998
48.99993,6.66664
48.99993,8.3333
48.99993,9.99996
48.99993,11.66662
48.99993,13.33328
48.99993,14.99994
48.99993,16.6666
48.99993,18.33326
48.99993,19.99992
48.99993,21.66658
48.99993,23.33324
48.99993,24.9999
48.99993,26.66656
48.99993,28.33322
48.99993,29.99988
48.99993,31.66654
48.99993,33.3332
48.99993,34.99986
48.99993,36.66652
48.99993,38.33318
48.99993,39.99984
48.99993,41.6665
48.99993,43.33316
48.99993,44.99982
48.99993,46.66648
48.99993,48.33314
51.33326,0.0
51.33326,1.66666
51.33326,3.33332
51.33326,4.99998
51.33326,6.66664
51.33326,8.3333
51.33326,9.99996
51.33326,11.66662
51.33326,13.33328
51.33326,14.99994
51.33326,16.6666
51.33326,18.33326
51.33326,19.99992
51.33326,21.66658
51.33326,23.33324
51.33326,24.9999
51.33326,26.66656
51.33326,28.33322
51.33326,29.99988
51.33326,31.66654
51.33326,33.3332
51.33326,34.99986
51.33326,36.66652
51.33326,38.33318
51.33326,39.99984
51.33326,41.6665
51.33326,43.33316
51.33326,44.99982
51.33326,46.66648
51.33326,48.33314
53.66659,0.0
53.66659,1.66666
53.66659,3.33332
53.66659,4.99998
53.66659,6.66664
53.66659,8.3333
53.66659,9.99996
53.66659,11.66662
53.66659,13.33328
53.66659,14.99994
53.66659,16.6666
53.66659,18.33326
53.66659,19.99992
53.66659,21.66658
53.66659,23.33324
53.66659,24.9999
53.66659,26.66656
53.66659,28.33322
53.66659,29.99988
53.66659,31.66654
53.66659,33.3332
53.66659,34.99986
53.66659,36.66652
53.66659,38.33318
53.66659,39.99984
53.66659,41.6665
53.66659,43.33316
53.66659,44.99982
53.66659,46.66648
53.66659,48.33314
55.99992,0.0
55.99992,1.66666
55.99992,3.33332
55.99992,4.99998
55.99992,6.66664
55.99992,8.3333
55.99992,9.99996
55.99992,11.66662
55.99992,13.33328
55.99992,14.99994
55.99992,16.6666
55.99992,18.33326
55.99992,19.99992
55.99992,21.66658
55.99992,23.33324
55.99992,24.9999
55.99992,26.66656
55.99992,28.33322
55.99992,29.99988
55.99992,31.66654
55.99992,33.3332
55.99992,34.99986
55.99992,36.66652
55.99992,38.33318
55.99992,39.99984
55.99992,41.6665
55.99992,43.33316
55.99992,44.99982
55.99992,46.66648
55.99992,48.33314
58.33325,0.0
58.33325,1.66666
58.33325,3.33332
58.33325,4.99998
58.33325,6.66664
58.33325,8.3333
58.33325,9.99996
58.33325,11.66662
58.33325,13.33328
58.33325,14.99994
58.33325,16.6666
58.33325,18.33326
58.33325,19.99992
58.33325,21.66658
58.33325,23.33324
58.33325,24.9999
58.33325,26.66656
58.33325,28.33322
58.33325,29.99988
58.33325,31.66654
58.33325,33.3332
58.33325,34.99986
58.33325,36.66652
58.33325,38.33318
58.33325,39.99984
58.33325,41.6665
58.33325,43.33316
58.33325,44.99982
58.33325,46.66648
58.33325,48.33314
60.66658,0.0
60.66658,1.66666
60.66658,3.33332
60.66658,4.99998
60.66658,6.66664
60.66658,8.3333
60.66658,9.99996
60.66658,11.66662
60.66658,13.33328
60.66658,14.99994
60.66658,16.6666
60.66658,18.33326
60.66658,19.99992
60.66658,21.66658
60.66658,23.33324
60.66658,24.9999
60.66658,26.66656
60.66658,28.33322
60.66658,29.99988
60.66658,31.66654
60.66658,33.3332
60.66658,34.99986
60.66658,36.66652
60.66658,38.33318
60.66658,39.99984
60.66658,41.6665
60.66658,43.33316
60.66658,44.99982
60.66658,46.66648
60.66658,48.33314
62.99991,0.0
62.99991,1.66666
62.99991,3.33332
62.99991,4.99998
62.99991,6.66664
62.99991,8.3333
62.99991,9.99996
62.99991,11.66662
62.99991,13.33328
62.99991,14.99994
62.99991,16.6666
62.99991,18.33326
62.99991,19.99992
62.99991,21.66658
62.99991,23.33324
62.99991,24.9999
62.99991,26.66656
62.99991,28.33322
62.99991,29.99988
62.99991,31.66654
62.99991,33.3332
62.99991,34.99986
62.99991,36.66652
62.99991,38.33318
62.99991,39.99984
62.99991,41.6665
62.99991,43.33316
62.99991,44.99982
62.99991,46.66648
62.99991,48.33314
65.33324,0.0
65.33324,1.66666
65.33324,3.33332
65.33324,4.99998
65.33324,6.66664
65.33324,8.3333
65.33324,9.99996
65.33324,11.66662
65.33324,13.33328
65.33324,14.99994
65.33324,16.6666
65.33324,18.33326
65.33324,19.99992
65.33324,21.66658
65.33324,23.33324
65.33324,24.9999
65.33324,26.66656
65.33324,28.33322
65.33324,29.99988
65.33324,31.66654
65.33324,33.3332
65.33324,34.99986
65.33324,36.66652
65.33324,38.33318
65.33324,39.99984
65.33324,41.6665
65.33324,43.33316
65.33324,44.99982
65.33324,46.66648
65.33324,48.33314
67.66657,0.0
67.66657,1.66666
67.66657,3.33332
67.66657,4.99998
67.66657,6.66664
67.66657,8.3333
67.66657,9.99996
67.66657,11.66662
67.66657,13.33328
67.66657,14.99994
67.66657,16.6666
67.66657,18.33326
67.66657,19.99992
67.66657,21.66658
67.66657,23.33324
67.66657,24.9999
67.66657,26.66656
67.66657,28.33322
67.66657,29.99988
67.66657,31.66654
67.66657,33.3332
67.66657,34.99986
67.66657,36.66652
67.66657,38.33318
67.66657,39.99984
67.66657,41.6665
67.66657,43.33316
67.66657,44.99982
67.66657,46.66648
67.66657,48.33314
