badge,name,shift,day,month,year,group,lat,lon,area,time_to_travel,distance
41039,Amy Thomas,1,16,12,2024,1,33.76706,-118.54852333,1,2.2,1.47159
71412,Shannon Martinez,1,16,12,2024,1,33.93602,-118.29207333,7,9.8,6.52264
20429,Joanna Odonnell,1,16,12,2024,1,34.10498,-118.48013667,9,5.1,3.41619
78812,Mary Everett,1,16,12,2024,1,33.87266,-118.41175,3,2.6,1.75282
98242,Chelsea Moon,1,16,12,2024,1,34.06274,-118.22368667,10,13.1,8.72066
31805,Audrey Phillips,1,16,12,2024,1,33.99938,-118.29207333,7,4.5,2.98273
93830,Calvin Brown,1,16,12,2024,1,33.97826,-118.39465333,6,6.2,4.16656
39846,Brian Phillips,1,16,12,2024,1,33.9149,-118.36046,4,1.7,1.16182
10295,Judith Oneal,1,16,12,2024,1,33.78818,-118.48013667,1,3.5,2.36304
24960,Jessica Wells,1,16,12,2024,1,34.18946,-118.30917,11,12.2,8.12959
45356,David Soto,1,16,12,2024,1,33.87266,-118.34336333,4,4.2,2.77887
66647,Victor Young,1,16,12,2024,1,33.95714,-118.22368667,8,0.9,0.56755
18218,Brittany Ramirez,1,16,12,2024,1,33.95714,-118.49723333,5,1.7,1.13161
25127,David Campbell,1,16,12,2024,1,33.8093,-118.32626667,4,14.2,9.47709
98487,Mary Baker,1,16,12,2024,1,33.72482,-118.42884667,1,14.7,9.81144
92935,Tammy Payne PhD,1,16,12,2024,1,33.89378,-118.27497667,4,7.3,4.83909
65436,Gabriel Kirby,1,16,12,2024,1,33.99938,-118.37755667,6,1.3,0.87113
11560,Briana Chung,1,16,12,2024,1,34.08386,-118.48013667,9,5.7,3.7671
39379,Nathan Perez,1,16,12,2024,1,34.21058,-118.27497667,11,32.8,21.87468
41206,Stephanie Pierce,1,16,12,2024,1,33.83042,-118.41175,3,8.1,5.38198
61791,Alexandria Swanson,1,16,12,2024,1,34.06274,-118.29207333,10,3.7,2.44445
13614,Ryan Hughes,1,16,12,2024,1,33.74594,-118.44594333,1,3.4,2.2821
61065,Mary Newman,1,16,12,2024,1,33.99938,-118.42884667,6,1.4,0.95015
91473,Zachary Kim,1,16,12,2024,1,33.9149,-118.44594333,3,0.9,0.63157
90748,Shelby Jimenez,1,16,12,2024,1,34.1261,-118.29207333,10,13.4,8.93376
25743,Kyle Small,1,16,12,2024,1,33.78818,-118.25788,4,14.0,9.32117
69411,Steven Bowers,1,16,12,2024,1,34.1261,-118.44594333,9,7.4,4.93444
89015,Megan Gould,1,16,12,2024,1,33.99938,-118.54852333,5,5.5,3.65548
52486,Brian Lin,1,16,12,2024,1,33.99938,-118.46304,6,1.9,1.29371
75460,Brandon Price,1,16,12,2024,1,34.06274,-118.25788,10,9.7,6.47865
41767,Karen Peck,1,16,12,2024,1,33.9149,-118.56562,2,1.6,1.06641
67667,Elizabeth Robinson,1,16,12,2024,1,33.95714,-118.27497667,7,1.9,1.24236
19386,Karen Edwards,1,16,12,2024,1,34.0205,-118.44594333,6,2.0,1.33608
81389,Nicholas Banks,1,16,12,2024,1,33.99938,-118.42884667,6,1.1,0.70681
99938,Todd Todd,1,16,12,2024,1,34.04162,-118.42884667,9,4.9,3.29065
29807,Antonio Moody,1,16,12,2024,1,34.18946,-118.27497667,11,38.3,25.54835
26694,Diane Cooley,1,16,12,2024,1,33.85154,-118.44594333,3,3.2,2.10535
39543,Daniel Carrillo,1,16,12,2024,1,33.97826,-118.37755667,6,3.1,2.07677
57383,Cody Singh,1,16,12,2024,1,33.83042,-118.37755667,4,3.9,2.60908
85830,Daniel Wilson,1,16,12,2024,1,33.78818,-118.53142667,1,3.8,2.53503
53220,Erin Wright,1,16,12,2024,1,33.78818,-118.29207333,4,14.6,9.76665
12398,Jose Bryant,1,16,12,2024,1,34.25282,-118.22368667,11,46.5,30.99303
99506,Lawrence Anderson,1,16,12,2024,1,33.76706,-118.27497667,4,14.6,9.74936
21657,Andrew Ingram,1,16,12,2024,1,33.8093,-118.42884667,1,0.6,0.42091
10573,Jose Sellers,1,16,12,2024,1,33.93602,-118.49723333,5,3.9,2.57344
58915,William Cunningham,1,16,12,2024,1,34.0205,-118.34336333,6,0.7,0.4522
39916,Linda Martin,1,16,12,2024,1,33.74594,-118.41175,1,14.3,9.51093
31563,Mariah Johnson,1,16,12,2024,1,33.8093,-118.46304,1,7.2,4.83015
76606,Tara Foley,1,16,12,2024,1,34.10498,-118.29207333,10,7.8,5.23162
77005,Christine Valencia,1,16,12,2024,1,34.06274,-118.22368667,10,13.7,9.16021
33715,Shelly Ortega,1,16,12,2024,1,33.93602,-118.58271667,5,1.9,1.28196
51714,Donald Martinez,1,16,12,2024,1,33.99938,-118.36046,6,2.6,1.75537
53732,Cynthia Boyd,1,16,12,2024,1,33.85154,-118.39465333,3,1.9,1.24817
42570,Bradley Collins,1,16,12,2024,1,33.89378,-118.37755667,4,4.7,3.11309
86878,Maria Collins,1,16,12,2024,1,33.85154,-118.51433,3,2.7,1.8209
15898,Daniel Gonzales,1,16,12,2024,1,33.8093,-118.36046,4,14.5,9.6457
73504,Angela Tucker,1,16,12,2024,1,33.9149,-118.29207333,4,7.3,4.86838
10708,Darryl Hayes,1,16,12,2024,1,34.0205,-118.36046,6,2.4,1.59418
43426,Kimberly Taylor MD,1,16,12,2024,1,34.0205,-118.49723333,5,11.9,7.9395
53829,Thomas Hall,1,16,12,2024,1,34.04162,-118.34336333,10,1.2,0.79646
37848,Brandy Montoya,1,16,12,2024,1,33.72482,-118.44594333,1,1.0,0.6455
49146,Tiffany Wilson,1,16,12,2024,1,33.95714,-118.18949333,8,24.4,16.2494
78422,Elizabeth Kennedy,1,16,12,2024,1,33.95714,-118.41175,6,2.5,1.63439
97307,Virginia Pena,1,16,12,2024,1,33.83042,-118.36046,4,5.8,3.85705
35782,Sherri Russell,1,16,12,2024,1,34.06274,-118.25788,10,2.1,1.43247
29598,Michael Stephens,1,16,12,2024,1,33.95714,-118.58271667,5,6.1,4.07149
55818,Edward Hale,1,16,12,2024,1,33.89378,-118.59981333,2,7.2,4.79324
36453,Austin Johnson,1,16,12,2024,1,34.0205,-118.25788,7,13.3,8.8397
61377,Jesus Duncan,1,16,12,2024,1,33.76706,-118.63400667,2,8.1,5.37419
91716,Patricia Munoz,1,16,12,2024,1,33.78818,-118.30917,4,13.5,9.00359
70560,Kayla Hatfield,1,16,12,2024,1,33.89378,-118.20659,8,2.4,1.5934
21521,Craig Ross,1,16,12,2024,1,33.8093,-118.44594333,1,7.7,5.12649
61349,Bryan Holmes,1,16,12,2024,1,33.89378,-118.49723333,3,2.9,1.90748
55729,Katherine Miller,1,16,12,2024,1,33.93602,-118.49723333,5,2.1,1.39119
56565,Emily Williams,1,16,12,2024,1,33.7037,-118.46304,1,1.4,0.95476
89090,Margaret Shields,1,16,12,2024,1,33.89378,-118.22368667,8,3.3,2.16829
80880,Erin Ellis,1,16,12,2024,1,34.0205,-118.39465333,6,1.6,1.04629
61246,Katelyn Wells,1,16,12,2024,1,34.08386,-118.49723333,9,12.1,8.05245
50687,Lisa Hines,1,16,12,2024,1,33.83042,-118.58271667,2,1.0,0.66944
39099,Thomas Walker,1,16,12,2024,1,34.06274,-118.42884667,9,6.1,4.09805
48156,Robert Gray,1,16,12,2024,1,34.10498,-118.24078333,10,13.3,8.88329
48741,Ryan Harrison,1,16,12,2024,1,33.8093,-118.58271667,2,3.8,2.52923
44689,Stephanie Yu,1,16,12,2024,1,33.93602,-118.37755667,6,8.8,5.85445
18188,Marissa Ayala,1,16,12,2024,1,33.76706,-118.44594333,1,0.5,0.36096
53422,Jessica Harmon,1,16,12,2024,1,33.72482,-118.44594333,1,1.9,1.29615
97983,Jaclyn Harding,1,16,12,2024,1,33.8093,-118.25788,4,14.8,9.85499
84699,Darlene Hickman,1,16,12,2024,1,34.04162,-118.49723333,9,9.3,6.2263
14330,Autumn Walter,1,16,12,2024,1,33.87266,-118.30917,4,2.1,1.38715
52988,Heather Heath,1,16,12,2024,1,34.16834,-118.27497667,11,40.2,26.79161
99818,Allison Day,1,16,12,2024,1,34.18946,-118.29207333,11,39.7,26.47892
60176,Stephen Wood,1,16,12,2024,1,33.97826,-118.30917,7,7.4,4.92141
85232,Patricia Sanchez,1,16,12,2024,1,34.27394,-118.29207333,11,62.6,41.75267
57017,Kelly Lee,1,16,12,2024,1,34.0205,-118.49723333,5,11.3,7.50748
49346,Barbara Alvarez,1,16,12,2024,1,34.04162,-118.51433,9,5.5,3.67651
38074,James Fields,1,16,12,2024,1,33.99938,-118.24078333,7,1.2,0.77454
27742,John Ruiz,1,16,12,2024,1,34.04162,-118.29207333,10,11.7,7.81858
67081,Melissa Lozano,1,16,12,2024,1,33.7037,-118.46304,1,0.9,0.60662
72383,Shannon Sanchez,1,16,12,2024,1,34.06274,-118.48013667,9,8.3,5.54698
97709,Jeffrey Baker,1,16,12,2024,1,34.04162,-118.25788,10,0.6,0.41403
53584,Ashley Logan,1,16,12,2024,1,33.93602,-118.46304,6,2.3,1.55903
25535,Michelle Melendez,1,16,12,2024,1,33.95714,-118.24078333,7,1.5,0.99447
14189,Robin Patel,1,16,12,2024,1,33.85154,-118.61691,2,2.5,1.66254
52975,Joshua Wang,1,16,12,2024,1,33.74594,-118.54852333,1,1.2,0.77488
51978,Ronald Barry,1,16,12,2024,1,34.25282,-118.25788,11,50.1,33.36923
99072,Emily Durham,1,16,12,2024,1,33.97826,-118.25788,7,0.2,0.13268
94156,Greg Long,1,16,12,2024,1,33.97826,-118.22368667,8,11.1,7.42004
17126,Alexis Marshall,1,16,12,2024,1,33.99938,-118.29207333,7,2.0,1.36202
22715,Bryan Williams,1,16,12,2024,1,34.06274,-118.49723333,9,6.1,4.06352
53147,Victor Sharp,1,16,12,2024,1,33.76706,-118.42884667,1,14.2,9.4803
60169,Paige Jacobs,1,16,12,2024,1,33.97826,-118.36046,6,1.7,1.10834
42896,Patrick English,1,16,12,2024,1,33.99938,-118.27497667,7,12.4,8.25933
89408,Linda Cohen,1,16,12,2024,1,33.97826,-118.24078333,7,12.6,8.39279
12198,Rita Collins,1,16,12,2024,1,34.08386,-118.27497667,10,4.2,2.80424
92245,Haley Gibbs,1,16,12,2024,1,34.06274,-118.39465333,9,0.5,0.36364
60091,Michael Mcclure,1,16,12,2024,1,33.76706,-118.61691,2,3.2,2.11357
51516,Joseph Porter,1,16,12,2024,1,33.83042,-118.53142667,3,5.2,3.46613
98946,Angela Pratt,1,16,12,2024,1,33.9149,-118.36046,4,5.0,3.31954
26630,Raven Day,1,16,12,2024,1,33.95714,-118.41175,6,1.1,0.70247
26379,Kathy Berg,1,16,12,2024,1,34.2317,-118.25788,11,38.9,25.94691
61655,Angela Mckay,1,16,12,2024,1,33.93602,-118.56562,5,2.7,1.77814
61398,William Stewart,1,16,12,2024,1,34.08386,-118.27497667,10,12.6,8.40422
79343,David Taylor,1,16,12,2024,1,34.1261,-118.29207333,10,13.7,9.14874
19142,Jonathan Long,1,16,12,2024,1,33.89378,-118.65110333,2,6.9,4.6131
85296,Chad Hernandez,1,16,12,2024,1,34.04162,-118.44594333,9,1.7,1.12547
81462,Michael Davis,1,16,12,2024,1,33.9149,-118.20659,8,1.2,0.78749
22473,Stephanie Sloan,1,16,12,2024,1,34.14722,-118.30917,11,6.1,4.05015
41987,Zachary Garcia,1,16,12,2024,1,33.78818,-118.42884667,1,3.2,2.11538
98258,Brian Strickland,1,16,12,2024,1,33.93602,-118.24078333,7,3.7,2.46234
61061,Robert Reese,1,16,12,2024,1,33.93602,-118.37755667,6,8.2,5.49125
58540,Randall Stevens,1,16,12,2024,1,33.93602,-118.1553,8,23.2,15.47119
63743,Teresa Medina,1,16,12,2024,1,33.78818,-118.41175,1,14.5,9.69734
61095,Bryan Simmons DDS,1,16,12,2024,1,33.85154,-118.42884667,3,2.2,1.49623
67858,Donald Hernandez,1,16,12,2024,1,33.76706,-118.53142667,1,8.6,5.70009
90231,Isabella Nunez,1,16,12,2024,1,33.99938,-118.49723333,5,8.2,5.46183
76962,Miguel Kaufman,1,16,12,2024,1,33.89378,-118.20659,8,2.1,1.41425
86409,Gabriel Mills,1,16,12,2024,1,33.97826,-118.27497667,7,0.8,0.56263
74891,Joshua Sawyer,1,16,12,2024,1,33.8093,-118.53142667,1,4.5,3.01746
94219,Carol Davis,1,16,12,2024,1,33.78818,-118.39465333,1,14.7,9.77004
89080,Allison Barnett,1,16,12,2024,1,33.87266,-118.44594333,3,1.3,0.84019
70366,Amy Knight,1,16,12,2024,1,33.89378,-118.41175,3,4.2,2.81377
65002,Jennifer Wallace,1,16,12,2024,1,34.04162,-118.41175,9,1.8,1.18577
69941,Terry Miller Jr.,1,16,12,2024,1,33.89378,-118.44594333,3,1.9,1.23706
13996,Sarah Washington,1,16,12,2024,1,33.78818,-118.61691,2,3.6,2.40652
80847,Angela Farmer,1,16,12,2024,1,33.87266,-118.51433,3,5.5,3.67716
25833,Daniel Jackson,1,16,12,2024,1,34.10498,-118.41175,9,2.2,1.49415
33237,Bethany Davis,1,16,12,2024,1,33.78818,-118.39465333,1,14.0,9.33379
31377,Brandy Bailey,1,16,12,2024,1,33.89378,-118.58271667,2,0.5,0.34446
22581,Leah Smith,1,16,12,2024,1,33.97826,-118.29207333,7,7.3,4.88801
15725,Christopher Rivera,1,16,12,2024,1,33.9149,-118.49723333,3,3.9,2.61449
41091,Mark Harrison,1,16,12,2024,1,33.76706,-118.56562,2,7.3,4.85146
40243,Jonathan James,1,16,12,2024,1,34.04162,-118.46304,9,1.9,1.29312
43763,Donald Reese,1,16,12,2024,1,34.0205,-118.22368667,8,4.3,2.88945
35771,Kaitlyn Jackson,1,16,12,2024,1,33.8093,-118.48013667,1,2.0,1.36091
76856,Brian Morris,1,16,12,2024,1,34.04162,-118.44594333,9,3.3,2.19008
29302,Laura Crane,1,16,12,2024,1,33.8093,-118.34336333,4,13.4,8.92998
70783,Sharon James,1,16,12,2024,1,33.72482,-118.48013667,1,3.9,2.59527
20389,Teresa Robinson,1,16,12,2024,1,33.74594,-118.54852333,1,4.1,2.71461
92526,Mary Adams,1,16,12,2024,1,34.04162,-118.25788,10,1.4,0.95003
71107,Peter Bell,1,16,12,2024,1,33.95714,-118.39465333,6,0.5,0.35832
26458,Charles Williams,1,16,12,2024,1,34.04162,-118.37755667,9,1.5,1.03238
25244,Kristin Sexton,1,16,12,2024,1,33.83042,-118.51433,3,5.2,3.48663
11021,Daniel Kennedy,1,16,12,2024,1,33.83042,-118.49723333,3,1.9,1.29341
25854,Jay Cole,1,16,12,2024,1,33.9149,-118.32626667,4,4.8,3.22778
61840,Michael Sanders,1,16,12,2024,1,33.99938,-118.51433,5,0.8,0.5281
73846,Jesse Mcmahon,1,16,12,2024,1,33.93602,-118.41175,6,1.7,1.12988
25360,Kenneth Coleman,1,16,12,2024,1,33.8093,-118.51433,1,3.9,2.60897
13403,Renee Hayes,1,16,12,2024,1,34.0205,-118.54852333,5,6.6,4.38609
77499,Angela Lloyd,1,16,12,2024,1,34.10498,-118.25788,10,15.0,9.96796
75245,Robert Davis,1,16,12,2024,1,34.0205,-118.53142667,5,1.5,0.99021
71868,David Bentley,1,16,12,2024,1,33.89378,-118.30917,4,10.3,6.83431
82358,Laura Chavez,1,16,12,2024,1,33.89378,-118.59981333,2,3.5,2.31477
10161,Jessica Steele,1,16,12,2024,1,33.85154,-118.41175,3,1.1,0.71001
58370,Daniel Spencer,1,16,12,2024,1,33.95714,-118.24078333,7,2.0,1.31323
51130,Daniel Kelley,1,16,12,2024,1,33.89378,-118.58271667,2,8.5,5.64633
18435,Teresa Schwartz MD,1,16,12,2024,1,33.89378,-118.34336333,4,5.9,3.93212
57985,Matthew Hart,1,16,12,2024,1,33.87266,-118.29207333,4,7.0,4.68081
99077,Joseph Vincent,1,16,12,2024,1,33.89378,-118.61691,2,5.6,3.76035
20891,Nicholas Foster,1,16,12,2024,1,33.85154,-118.58271667,2,0.5,0.31549
18281,Alexander James,1,16,12,2024,1,33.78818,-118.48013667,1,1.9,1.28032
90276,Jessica Gonzalez,1,16,12,2024,1,34.06274,-118.30917,10,8.5,5.69094
10203,James Huang,1,16,12,2024,1,33.9149,-118.41175,3,11.3,7.51253
85924,Marc Smith,1,16,12,2024,1,34.08386,-118.44594333,9,0.5,0.35535
27886,Melissa Price,1,16,12,2024,1,34.27394,-118.25788,11,51.8,34.55364
54855,Sarah Bennett,1,16,12,2024,1,34.04162,-118.46304,9,1.9,1.29004
30533,Susan Porter,1,16,12,2024,1,33.8093,-118.49723333,1,6.9,4.5702
67194,Crystal Figueroa,1,16,12,2024,1,33.87266,-118.58271667,2,2.4,1.62163
99824,Bradley Pierce,1,16,12,2024,1,33.78818,-118.44594333,1,3.8,2.51219
96536,Nicholas Lopez,1,16,12,2024,1,33.99938,-118.56562,5,4.3,2.89203
59029,Mary Jones,1,16,12,2024,1,33.97826,-118.36046,6,2.7,1.79565
32155,Cesar Carroll,1,16,12,2024,1,34.29506,-118.29207333,11,52.2,34.81058
46325,Laura Harrison,1,16,12,2024,1,33.72482,-118.42884667,1,10.2,6.79905
34608,Randy Jackson,1,16,12,2024,1,34.06274,-118.37755667,9,1.9,1.28308
98100,Brenda Lane,1,16,12,2024,1,33.87266,-118.58271667,2,1.5,1.02454
11152,Rebekah Jackson,1,16,12,2024,1,33.93602,-118.22368667,8,1.6,1.05699
16444,Ashley Sloan,1,16,12,2024,1,34.08386,-118.24078333,10,14.3,9.52706
72049,Scott Washington,1,16,12,2024,1,33.95714,-118.34336333,6,3.5,2.33279
72914,Julie Thompson,1,16,12,2024,1,33.9149,-118.39465333,3,9.5,6.30906
17312,Justin Reese,1,16,12,2024,1,34.0205,-118.30917,7,7.4,4.94554
40453,Monica Barton,1,16,12,2024,1,34.04162,-118.41175,9,2.4,1.57661
58855,Michael Lin,1,16,12,2024,1,34.04162,-118.48013667,9,8.4,5.56677
85215,Edward Jenkins,1,16,12,2024,1,33.93602,-118.48013667,5,0.9,0.63301
48285,Kevin Thomas,1,16,12,2024,1,34.25282,-118.27497667,11,46.8,31.20562
98575,Emily Jackson,1,16,12,2024,1,33.83042,-118.63400667,2,1.3,0.83436
42786,Michael Campbell,1,16,12,2024,1,33.78818,-118.51433,1,3.5,2.33916
54591,Hannah Sims,1,16,12,2024,1,34.0205,-118.41175,6,1.3,0.87989
18168,Mr. Benjamin Hall,1,16,12,2024,1,34.04162,-118.39465333,9,1.1,0.73774
20956,Allison Hanson,1,16,12,2024,1,33.83042,-118.48013667,3,2.2,1.48908
37568,Christopher Williams,1,16,12,2024,1,33.99938,-118.36046,6,3.7,2.46807
17040,William Martinez,1,16,12,2024,1,33.8093,-118.30917,4,14.0,9.32988
61256,Shawn Brown,1,16,12,2024,1,33.93602,-118.36046,6,10.1,6.73274
60362,Cameron Bell,1,16,12,2024,1,33.87266,-118.30917,4,3.1,2.03723
98508,Mike Nguyen,1,16,12,2024,1,33.93602,-118.44594333,6,1.5,1.03113
66517,Matthew Walker,1,16,12,2024,1,34.14722,-118.30917,11,6.7,4.49434
64311,Caitlin Garcia,1,16,12,2024,1,33.93602,-118.36046,6,1.8,1.2143
12677,Amy Figueroa,1,16,12,2024,1,33.93602,-118.30917,7,9.0,6.02882
35079,Melissa Jones,1,16,12,2024,1,33.78818,-118.54852333,1,4.3,2.88676
65268,Curtis Maldonado,1,16,12,2024,1,33.76706,-118.41175,1,14.1,9.3982
16766,Jack Esparza,1,16,12,2024,1,33.7037,-118.42884667,1,14.3,9.55732
59805,Mr. Tyler Snyder DDS,1,16,12,2024,1,34.08386,-118.22368667,10,11.3,7.51845
98941,Anna Choi,1,16,12,2024,1,34.2317,-118.22368667,11,47.4,31.59656
42387,Shawn Green,1,16,12,2024,1,33.9149,-118.37755667,4,5.0,3.35586
48890,Daniel Evans,1,16,12,2024,1,33.93602,-118.24078333,7,1.3,0.8635
94747,Travis Bailey,1,16,12,2024,1,33.97826,-118.22368667,8,12.1,8.05069
82217,James Curtis,1,16,12,2024,1,34.27394,-118.27497667,11,60.0,39.9757
84321,Michael Mullen,1,16,12,2024,1,33.89378,-118.65110333,2,4.9,3.29919
52681,Sarah Lane,1,16,12,2024,1,33.99938,-118.32626667,6,0.7,0.49206
30874,Mark Paul,1,16,12,2024,1,34.06274,-118.46304,9,3.6,2.42861
87316,James Cole,1,16,12,2024,1,33.8093,-118.32626667,4,11.6,7.72171
19174,Shawn Morgan,1,16,12,2024,1,34.0205,-118.51433,5,12.7,8.46064
90341,Sarah Novak,1,16,12,2024,1,33.93602,-118.54852333,5,0.3,0.21527
80952,Crystal Strong,1,16,12,2024,1,33.89378,-118.36046,4,1.1,0.71702
92111,Alicia Warren,1,16,12,2024,1,33.89378,-118.42884667,3,8.4,5.62857
81338,Amanda Williams,1,16,12,2024,1,34.10498,-118.37755667,9,4.0,2.65072
91522,Alice Hansen,1,16,12,2024,1,34.1261,-118.27497667,10,13.0,8.64346
60194,Amanda Torres,1,16,12,2024,1,33.8093,-118.54852333,1,7.3,4.88248
33278,Larry David,1,16,12,2024,1,33.87266,-118.58271667,2,1.3,0.8708
58713,James Watson,1,16,12,2024,1,33.9149,-118.37755667,4,7.2,4.79092
30728,Reginald Brown,1,16,12,2024,1,33.93602,-118.42884667,6,2.6,1.74242
70064,Matthew Barnes,1,16,12,2024,1,34.04162,-118.32626667,10,2.2,1.47756
90756,Melinda Shaw,1,16,12,2024,1,34.04162,-118.22368667,10,13.6,9.06404
98927,April Salinas,1,16,12,2024,1,33.85154,-118.48013667,3,4.2,2.795
47209,George Oneill,1,16,12,2024,1,34.04162,-118.51433,9,5.8,3.89085
23170,Christopher Davis,1,16,12,2024,1,33.87266,-118.53142667,3,2.8,1.86193
67763,Debra Brandt DDS,1,16,12,2024,1,34.21058,-118.29207333,11,34.7,23.15972
55896,Eileen Watson,1,16,12,2024,1,33.8093,-118.37755667,4,9.1,6.07609
49213,Jennifer Newman,1,16,12,2024,1,33.93602,-118.32626667,6,7.4,4.94665
77542,Ryan Gomez,1,16,12,2024,1,34.0205,-118.42884667,6,2.2,1.49107
38113,Tammy Ramsey,1,16,12,2024,1,34.04162,-118.30917,10,7.9,5.28821
30682,Brenda Ramsey,1,16,12,2024,1,33.85154,-118.46304,3,0.5,0.31939
76329,Sherri Black,1,16,12,2024,1,34.0205,-118.30917,7,3.1,2.04284
36189,Jodi Marshall,1,16,12,2024,1,34.08386,-118.37755667,9,2.4,1.58359
62913,Bradley Wright,1,16,12,2024,1,33.85154,-118.48013667,3,4.2,2.83254
14613,Sara Miller,1,16,12,2024,1,34.0205,-118.48013667,5,9.1,6.06649
30249,Nancy Miller,1,16,12,2024,1,34.0205,-118.24078333,7,4.7,3.10719
16980,Tony Morgan,1,16,12,2024,1,33.93602,-118.25788,7,4.4,2.94059
17449,Jeffrey Francis,1,16,12,2024,1,33.8093,-118.54852333,1,2.0,1.35535
22556,Christopher Gonzalez,1,16,12,2024,1,33.97826,-118.34336333,6,1.1,0.76079
92972,Rebecca Dominguez,1,16,12,2024,1,33.87266,-118.42884667,3,2.1,1.39637
31403,Gail Curry,1,16,12,2024,1,33.87266,-118.34336333,4,2.1,1.40798
58656,Bobby Rowe,1,16,12,2024,1,34.08386,-118.41175,9,1.1,0.74123
19035,Nathaniel Hunt,1,16,12,2024,1,33.9149,-118.17239667,8,32.3,21.52875
91006,Steven Butler,1,16,12,2024,1,33.95714,-118.51433,5,2.4,1.62633
13948,Susan Mcdaniel,1,16,12,2024,1,34.0205,-118.56562,5,2.9,1.93342
43812,Travis Rodriguez,1,16,12,2024,1,33.83042,-118.56562,2,3.5,2.30456
72556,Latoya Gutierrez,1,16,12,2024,1,33.74594,-118.59981333,2,1.6,1.08757
23310,Paula Hernandez,1,16,12,2024,1,33.93602,-118.48013667,5,2.3,1.53179
10307,Diana Warner,1,16,12,2024,1,33.9149,-118.18949333,8,0.9,0.56879
16438,Amy Larson,1,16,12,2024,1,33.85154,-118.42884667,3,6.7,4.43399
94447,Brian Ross,1,16,12,2024,1,34.14722,-118.25788,11,29.2,19.48957
33868,Robert Wong,1,16,12,2024,1,34.10498,-118.24078333,10,14.9,9.95095
10806,Matthew Long,1,16,12,2024,1,33.76706,-118.58271667,2,0.7,0.47872
58561,Ricardo Fernandez PhD,1,16,12,2024,1,33.99938,-118.49723333,5,1.6,1.0763
61519,Anthony Davenport,1,16,12,2024,1,33.89378,-118.54852333,2,2.7,1.78276
84025,Alan Peterson,1,16,12,2024,1,33.95714,-118.36046,6,5.0,3.32422
13549,Sheena Phillips,1,16,12,2024,1,33.74594,-118.41175,1,13.4,8.91588
60785,Steven Frank,1,16,12,2024,1,33.89378,-118.37755667,4,5.8,3.87248
19391,Courtney Schmidt,1,16,12,2024,1,33.95714,-118.54852333,5,1.6,1.07907
27203,Pamela Hernandez,1,16,12,2024,1,33.87266,-118.54852333,2,5.1,3.42656
72511,Keith Morgan,1,16,12,2024,1,34.18946,-118.30917,11,11.9,7.9034
37335,Jason Smith,1,16,12,2024,1,33.83042,-118.48013667,3,3.1,2.08351
22132,Alicia Harris,1,16,12,2024,1,34.04162,-118.34336333,10,0.7,0.44209
61232,Whitney Martinez,1,16,12,2024,1,33.83042,-118.54852333,2,3.5,2.36627
59613,Laura Ford,1,16,12,2024,1,33.89378,-118.51433,3,1.4,0.95693
27392,Dr. Jessica Carr,1,16,12,2024,1,33.9149,-118.27497667,4,1.3,0.85796
59831,Daniel Marsh,1,16,12,2024,1,34.14722,-118.27497667,11,36.3,24.16759
76214,Keith Lewis,1,16,12,2024,1,33.83042,-118.34336333,4,9.5,6.35026
41607,Stephen Rangel,1,16,12,2024,1,33.76706,-118.48013667,1,4.7,3.10636
50225,Taylor Banks,1,16,12,2024,1,33.72482,-118.48013667,1,6.4,4.26755
94638,William Clark,1,16,12,2024,1,33.89378,-118.46304,3,1.4,0.96154
41094,Jodi Jimenez,1,16,12,2024,1,33.95714,-118.29207333,7,1.4,0.91678
66419,Thomas Hernandez,1,16,12,2024,1,34.0205,-118.51433,5,12.7,8.45824
30940,David Krueger,1,16,12,2024,1,33.78818,-118.32626667,4,15.0,9.9693
31240,Lisa Dennis,1,16,12,2024,1,34.2317,-118.29207333,11,40.3,26.84193
16259,Matthew Walker,1,16,12,2024,1,34.1261,-118.42884667,9,3.7,2.46692
79908,Tammy Ramirez,1,16,12,2024,1,33.89378,-118.18949333,8,0.4,0.254
49895,Mrs. Lindsey Martin MD,1,16,12,2024,1,33.97826,-118.51433,5,4.5,2.9762
25835,Sue Bowman,1,16,12,2024,1,33.89378,-118.48013667,3,5.0,3.34467
26158,Shelby Malone,1,16,12,2024,1,33.9149,-118.17239667,8,31.9,21.25339
20895,Jasmine Salazar,1,16,12,2024,1,34.06274,-118.27497667,10,4.1,2.72923
42266,Bradley Banks,1,16,12,2024,1,33.83042,-118.44594333,3,2.7,1.82441
18475,Mary Robinson,1,16,12,2024,1,33.93602,-118.44594333,6,1.8,1.17614
69518,Corey Anderson,1,16,12,2024,1,33.99938,-118.41175,6,1.6,1.07728
18782,Donna Mcknight,1,16,12,2024,1,34.25282,-118.22368667,11,50.3,33.55171
35310,Erik Reid,1,16,12,2024,1,33.76706,-118.61691,2,1.2,0.79994
68021,Regina Sampson,1,16,12,2024,1,33.9149,-118.32626667,4,10.5,7.03197
72477,Joshua Wood,1,16,12,2024,1,33.97826,-118.36046,6,9.4,6.24708
87979,Maurice Johnson,1,16,12,2024,1,34.10498,-118.39465333,9,0.7,0.47998
96487,Shannon Taylor,1,16,12,2024,1,33.99938,-118.51433,5,6.5,4.34761
79755,Jamie Adkins,1,16,12,2024,1,34.14722,-118.30917,11,6.7,4.47635
36961,Donald Valenzuela,1,16,12,2024,1,33.97826,-118.46304,6,1.5,0.98224
63868,Thomas Rush,1,16,12,2024,1,33.76706,-118.49723333,1,4.9,3.25645
81621,Tony Smith MD,1,16,12,2024,1,33.8093,-118.44594333,1,7.1,4.73042
58536,Nicholas Norton,1,16,12,2024,1,33.8093,-118.29207333,4,14.4,9.62715
16272,Devin Harrington,1,16,12,2024,1,33.87266,-118.63400667,2,5.7,3.81293
27202,Nathan Rivas,1,16,12,2024,1,33.97826,-118.41175,6,7.4,4.90122
47142,Austin Kaufman,1,16,12,2024,1,33.99938,-118.46304,6,1.5,0.97002
87697,Rebecca Thompson,1,16,12,2024,1,33.97826,-118.34336333,6,2.9,1.95508
46478,Michael Everett,1,16,12,2024,1,33.83042,-118.34336333,4,11.1,7.41451
65527,Mary Garner,1,16,12,2024,1,33.95714,-118.32626667,6,8.3,5.56097
67710,Mary Moore,1,16,12,2024,1,33.87266,-118.54852333,2,1.1,0.7115
80508,Steven Winters,1,16,12,2024,1,34.1261,-118.48013667,9,11.6,7.75616
13578,Amanda Tanner,1,16,12,2024,1,33.89378,-118.29207333,4,2.8,1.84998
19896,William Adams,1,16,12,2024,1,33.83042,-118.37755667,4,11.2,7.48223
25334,Danielle Clark,1,16,12,2024,1,34.21058,-118.30917,11,14.0,9.30431
45112,Elizabeth Calhoun,1,16,12,2024,1,33.85154,-118.56562,2,3.6,2.41693
47076,Caroline Thompson,1,16,12,2024,1,33.97826,-118.1553,8,13.5,8.9686
38366,Mark Howard,1,16,12,2024,1,33.8093,-118.30917,4,11.1,7.3849
42934,Bobby Gray,1,16,12,2024,1,34.25282,-118.24078333,11,46.3,30.89206
63857,Erik Yu,1,16,12,2024,1,33.85154,-118.53142667,3,3.8,2.53426
76413,Michael Weber MD,1,16,12,2024,1,34.08386,-118.30917,10,2.3,1.53484
74516,Kelly Vincent,1,16,12,2024,1,33.9149,-118.25788,4,3.1,2.08061
41556,Stephen Thompson,1,16,12,2024,1,33.99938,-118.34336333,6,3.3,2.21411
93454,Christopher Scott,1,16,12,2024,1,33.74594,-118.29207333,4,66.8,44.51386
76922,Eddie Simmons,1,16,12,2024,1,33.97826,-118.39465333,6,5.5,3.66518
77692,Jeffrey Stevens,1,16,12,2024,1,33.97826,-118.18949333,8,13.9,9.2909
21211,Derrick Woodward,1,16,12,2024,1,34.04162,-118.22368667,10,5.5,3.65952
24201,Ashley Nichols,1,16,12,2024,1,33.9149,-118.44594333,3,2.8,1.8821
41468,Nicole Robinson,1,16,12,2024,1,33.76706,-118.39465333,1,13.8,9.20862
92640,Amy Perkins,1,16,12,2024,1,33.93602,-118.17239667,8,30.8,20.52961
96800,Nicholas Crosby,1,16,12,2024,1,34.06274,-118.32626667,10,2.2,1.49045
33571,Karen Pena,1,16,12,2024,1,33.97826,-118.37755667,6,3.1,2.05898
35630,Erica Jackson,1,16,12,2024,1,33.83042,-118.44594333,3,1.0,0.66245
99377,Luis Gardner,1,16,12,2024,1,33.95714,-118.49723333,5,3.0,1.98032
62457,Sherry Conley,1,16,12,2024,1,33.87266,-118.41175,3,10.2,6.76778
91337,Christopher Woods,1,16,12,2024,1,34.0205,-118.36046,6,2.3,1.56336
36874,Elizabeth Fuller,1,16,12,2024,1,33.93602,-118.41175,6,0.2,0.12977
22758,George Joyce,1,16,12,2024,1,33.8093,-118.27497667,4,11.4,7.61975
10674,Karen Kennedy,1,16,12,2024,1,33.89378,-118.30917,4,8.9,5.91544
98392,Melissa Diaz,1,16,12,2024,1,33.7037,-118.46304,1,3.8,2.54089
75333,Ryan Williams,1,16,12,2024,1,33.74594,-118.39465333,1,14.3,9.55558
91916,James Jensen,1,16,12,2024,1,33.72482,-118.49723333,1,7.3,4.84043
33696,Joseph Jackson,1,16,12,2024,1,33.97826,-118.20659,8,14.0,9.30321
27685,Sydney Thomas,1,16,12,2024,1,34.08386,-118.37755667,9,7.5,5.00955
87397,Diana Hall,1,16,12,2024,1,33.74594,-118.53142667,1,5.4,3.61403
21228,William Hill,1,16,12,2024,1,33.89378,-118.56562,2,12.5,8.30899
11630,Melissa Brown,1,16,12,2024,1,33.99938,-118.25788,7,1.6,1.0637
67311,Bethany Jackson,1,16,12,2024,1,33.78818,-118.46304,1,2.1,1.41692
43987,Andrea Castro,1,16,12,2024,1,34.0205,-118.42884667,6,1.9,1.28945
33779,James Brown,1,16,12,2024,1,34.10498,-118.44594333,9,2.7,1.81088
18701,Jesse Thomas,1,16,12,2024,1,33.97826,-118.44594333,6,3.1,2.07095
78897,James Cooke,1,16,12,2024,1,34.08386,-118.22368667,10,14.6,9.76202
51697,Matthew Hughes,1,16,12,2024,1,33.74594,-118.53142667,1,7.4,4.93166
94993,Ashlee Townsend,1,16,12,2024,1,33.8093,-118.56562,2,1.4,0.90224
56571,Catherine Bailey,1,16,12,2024,1,34.06274,-118.44594333,9,6.9,4.57073
31255,Richard Warner,1,16,12,2024,1,33.97826,-118.18949333,8,13.8,9.16787
73809,Evan Cooper,1,16,12,2024,1,34.18946,-118.29207333,11,45.6,30.37173
37318,Tyler Smith,1,16,12,2024,1,33.95714,-118.53142667,5,8.3,5.55272
45875,Jenna Frank,1,16,12,2024,1,33.93602,-118.36046,6,9.4,6.23632
79212,Miguel Watson,1,16,12,2024,1,34.06274,-118.41175,9,1.2,0.8084
36532,Robert Sanders,1,16,12,2024,1,34.31618,-118.29207333,11,66.6,44.39871
83517,Nicholas Ruiz,1,16,12,2024,1,33.83042,-118.65110333,2,2.7,1.79803
50755,Jacob Mason,1,16,12,2024,1,33.78818,-118.27497667,4,14.9,9.95875
64610,Jeffrey Patrick,1,16,12,2024,1,33.72482,-118.51433,1,3.4,2.28987
99975,Michelle Weaver MD,1,16,12,2024,1,34.21058,-118.22368667,11,46.9,31.29881
72216,Paula Wilson,1,16,12,2024,1,34.0205,-118.54852333,5,8.9,5.95071
53336,Kimberly Aguilar,1,16,12,2024,1,34.08386,-118.25788,10,12.0,8.00122
46067,Cory Simon,1,16,12,2024,1,33.76706,-118.49723333,1,2.2,1.48196
30935,Terrance Washington,1,16,12,2024,1,34.10498,-118.44594333,9,2.0,1.321
78518,Sharon Jones,1,16,12,2024,1,34.0205,-118.27497667,7,10.7,7.11982
73921,Chad Hawkins,1,16,12,2024,1,33.89378,-118.48013667,3,4.0,2.63863
27431,Stephen Schneider,1,16,12,2024,1,33.78818,-118.36046,4,13.3,8.84301
23950,Lindsey Castro,1,16,12,2024,1,33.95714,-118.39465333,6,2.2,1.46802
76025,James Simpson,1,16,12,2024,1,33.78818,-118.59981333,2,3.0,1.99662
29861,Joshua Sawyer,1,16,12,2024,1,33.78818,-118.44594333,1,0.8,0.55746
10748,Sierra Kerr,1,16,12,2024,1,34.0205,-118.44594333,6,1.6,1.06052
66245,Christopher Orozco,1,16,12,2024,1,33.95714,-118.44594333,6,3.2,2.16645
77460,Kirsten Powell,1,16,12,2024,1,33.99938,-118.53142667,5,0.7,0.46764
19946,Brenda Oliver,1,16,12,2024,1,33.78818,-118.41175,1,14.8,9.88462
84705,Suzanne Moran,1,16,12,2024,1,33.83042,-118.49723333,3,1.1,0.76038
31449,James Parsons,1,16,12,2024,1,33.74594,-118.59981333,2,8.2,5.44766
39083,Brad James DDS,1,16,12,2024,1,33.95714,-118.1553,8,23.8,15.8533
81187,Robert Chase,1,16,12,2024,1,33.99938,-118.34336333,6,0.3,0.22522
85605,Rodney Jacobs,1,16,12,2024,1,34.18946,-118.29207333,11,31.4,20.9399
33506,Robin Williams,1,16,12,2024,1,34.21058,-118.27497667,11,41.7,27.79516
81580,Jennifer Mitchell,1,16,12,2024,1,33.99938,-118.44594333,6,0.7,0.4705
90355,Larry Hernandez,1,16,12,2024,1,33.97826,-118.29207333,7,2.7,1.80536
71610,Brian Larson,1,16,12,2024,1,33.97826,-118.34336333,6,7.7,5.10377
45550,Valerie Marshall,1,16,12,2024,1,34.08386,-118.46304,9,2.5,1.67211
44782,Donna Stephens,1,16,12,2024,1,33.8093,-118.27497667,4,14.6,9.75447
94139,Eugene Anderson,1,16,12,2024,1,33.93602,-118.58271667,5,7.0,4.69077
43888,Jessica Gamble,1,16,12,2024,1,34.0205,-118.20659,8,14.1,9.38821
30576,Alyssa Smith,1,16,12,2024,1,33.95714,-118.44594333,6,2.0,1.32977
64132,Tina Perez,1,16,12,2024,1,33.74594,-118.48013667,1,0.2,0.15872
91103,Cindy Morse,1,16,12,2024,1,34.10498,-118.29207333,10,2.2,1.48113
67323,Robert Fox,1,16,12,2024,1,33.74594,-118.49723333,1,1.1,0.71335
48574,Marilyn Davis,1,16,12,2024,1,33.83042,-118.41175,3,6.8,4.55247
15757,Charlotte Johnson,1,16,12,2024,1,33.97826,-118.42884667,6,4.2,2.76734
38045,Tracy Holt,1,16,12,2024,1,33.74594,-118.46304,1,0.5,0.33148
39462,Anna Castro,1,16,12,2024,1,34.0205,-118.18949333,8,14.6,9.71841
70902,Daniel Stewart PhD,1,16,12,2024,1,34.10498,-118.27497667,10,14.7,9.80922
23252,Jeremy Simon,1,16,12,2024,1,34.08386,-118.29207333,10,0.6,0.39937
86629,Drew Velasquez,1,16,12,2024,1,33.8093,-118.42884667,1,6.3,4.23011
83942,Jillian Anderson,1,16,12,2024,1,33.78818,-118.53142667,1,7.5,5.0248
77884,Benjamin Hubbard,1,16,12,2024,1,33.97826,-118.56562,5,2.2,1.46724
90151,Michael Bowman,1,16,12,2024,1,34.04162,-118.37755667,9,2.0,1.31043
26177,Paul Ball,1,16,12,2024,1,33.9149,-118.54852333,2,1.7,1.11741
77152,Kristen Anderson,1,16,12,2024,1,33.87266,-118.44594333,3,0.9,0.61907
17562,Andrew Wade,1,16,12,2024,1,33.85154,-118.37755667,4,6.1,4.06845
38010,John Haynes,1,16,12,2024,1,33.89378,-118.18949333,8,0.2,0.11559
40792,Cynthia Johnson,1,16,12,2024,1,33.97826,-118.51433,5,4.2,2.80198
21710,Jennifer Osborne,1,16,12,2024,1,33.99938,-118.37755667,6,1.7,1.12229
52161,Benjamin Myers,1,16,12,2024,1,33.9149,-118.48013667,3,4.6,3.06901
50551,Nathan Hartman,1,16,12,2024,1,33.8093,-118.41175,1,2.2,1.43769
53095,Sarah Robinson,1,16,12,2024,1,33.85154,-118.41175,3,2.6,1.75226
41882,Sandra Tucker,1,16,12,2024,1,33.93602,-118.27497667,7,4.4,2.93426
51758,Laura Williams,1,16,12,2024,1,33.93602,-118.53142667,5,3.5,2.33058
44102,Krystal Sellers,1,16,12,2024,1,33.93602,-118.46304,6,0.9,0.56837
77346,Tina Mcintyre,1,16,12,2024,1,33.97826,-118.54852333,5,4.1,2.70217
61755,Nicholas Browning,1,16,12,2024,1,33.99938,-118.54852333,5,0.8,0.56382
94371,Carol Shah,1,16,12,2024,1,33.74594,-118.51433,1,4.8,3.2166
27648,Michael Blackwell,1,16,12,2024,1,33.76706,-118.48013667,1,3.1,2.06869
19794,Luke Pittman,1,16,12,2024,1,33.87266,-118.49723333,3,0.9,0.58028
86424,Julie Arnold,1,16,12,2024,1,33.99938,-118.51433,5,4.0,2.67874
59937,Mary Rivera,1,16,12,2024,1,33.99938,-118.18949333,8,14.9,9.95159
78514,Jesse Marks,1,16,12,2024,1,33.87266,-118.49723333,3,3.2,2.10264
48687,Jennifer Alvarado,1,16,12,2024,1,33.8093,-118.25788,4,14.1,9.41064
28355,Francis Perkins,1,16,12,2024,1,33.95714,-118.53142667,5,5.0,3.32714
39311,Kevin Kelley,1,16,12,2024,1,34.06274,-118.42884667,9,5.8,3.84993
54123,Marilyn Glass,1,16,12,2024,1,33.97826,-118.17239667,8,18.5,12.36329
13586,Todd Gregory,1,16,12,2024,1,34.06274,-118.36046,10,1.9,1.25131
54134,Gregory Simmons,1,16,12,2024,1,34.1261,-118.25788,10,29.6,19.75588
11103,Anthony Tucker,1,16,12,2024,1,33.89378,-118.46304,3,0.4,0.26354
33320,Sarah Mccarthy,1,16,12,2024,1,34.16834,-118.27497667,11,31.3,20.87391
25300,James Morris,1,16,12,2024,1,33.95714,-118.25788,7,0.6,0.41821
94003,Karen Boyd,1,16,12,2024,1,33.97826,-118.39465333,6,1.1,0.7249
82348,Jose Fisher,1,16,12,2024,1,34.0205,-118.49723333,5,6.7,4.44956
42513,Adrian Dennis,1,16,12,2024,1,33.99938,-118.20659,8,7.1,4.75667
58040,Christine Jones,1,16,12,2024,1,34.08386,-118.32626667,10,1.5,1.03146
70191,William Simmons,1,16,12,2024,1,33.7037,-118.48013667,1,2.3,1.56377
94623,Mr. Joel Walters,1,16,12,2024,1,33.83042,-118.46304,3,3.0,1.97829
44562,Leon Villanueva,1,16,12,2024,1,33.93602,-118.20659,8,0.5,0.34571
59534,Chad Peterson,1,16,12,2024,1,33.97826,-118.41175,6,8.0,5.3486
83228,Joshua Edwards,1,16,12,2024,1,34.3373,-118.25788,11,62.3,41.53629
36617,Breanna Cooper,1,16,12,2024,1,33.87266,-118.63400667,2,9.2,6.11695
89282,Dylan Hayes,1,16,12,2024,1,33.74594,-118.56562,2,1.3,0.87892
28451,Joy Hansen,1,16,12,2024,1,34.0205,-118.46304,6,1.1,0.71397
61376,Eric Chavez,1,16,12,2024,1,34.10498,-118.46304,9,4.4,2.90071
44885,Kelli Jefferson,1,16,12,2024,1,33.74594,-118.44594333,1,1.3,0.86752
99802,Joshua Wilson,1,16,12,2024,1,34.16834,-118.29207333,11,48.2,32.11376
85423,Nicholas Rivera,1,16,12,2024,1,33.7037,-118.48013667,1,1.2,0.81847
40675,Stephanie Rogers,1,16,12,2024,1,33.89378,-118.41175,3,3.6,2.42182
51131,Shelly Larson,1,16,12,2024,1,33.85154,-118.48013667,3,1.5,0.98931
18420,Cody Hancock,1,16,12,2024,1,34.0205,-118.41175,6,2.1,1.42329
42684,Geoffrey Brown,1,16,12,2024,1,33.76706,-118.51433,1,1.3,0.89319
70584,Thomas Collins,1,16,12,2024,1,33.97826,-118.48013667,5,0.4,0.29474
19907,Bethany Webb,1,16,12,2024,1,33.93602,-118.34336333,6,5.2,3.44203
38664,William Cooper,1,16,12,2024,1,33.9149,-118.25788,4,6.3,4.21342
24928,Jacob Osborn,1,16,12,2024,1,33.8093,-118.65110333,2,4.8,3.19161
97596,Lisa Rosario,1,16,12,2024,1,33.9149,-118.39465333,3,10.1,6.73493
93216,Michael Johnson,1,16,12,2024,1,33.93602,-118.53142667,5,2.3,1.50935
40593,David Kelley,1,16,12,2024,1,34.04162,-118.34336333,10,2.1,1.42967
41474,Laurie Watts,1,16,12,2024,1,34.04162,-118.24078333,10,10.3,6.83748
73490,Elizabeth Johnson,1,16,12,2024,1,33.78818,-118.49723333,1,4.4,2.96446
17034,Jason Campbell,1,16,12,2024,1,33.93602,-118.54852333,5,4.2,2.77088
61453,Carol Santos MD,1,16,12,2024,1,34.08386,-118.37755667,9,5.6,3.70822
19953,Jasmine Moreno,1,16,12,2024,1,33.95714,-118.42884667,6,2.6,1.70467
31051,Sarah Green,1,16,12,2024,1,34.06274,-118.41175,9,1.1,0.72067
49935,Selena Valencia,1,16,12,2024,1,34.06274,-118.29207333,10,2.5,1.68709
85680,Angela Thompson,1,16,12,2024,1,33.78818,-118.42884667,1,2.9,1.96466
99601,James Vaughn,1,16,12,2024,1,33.72482,-118.39465333,1,14.9,9.94557
24520,Derek Valencia,1,16,12,2024,1,33.99938,-118.24078333,7,8.4,5.59579
91399,Darrell Medina,1,16,12,2024,1,33.85154,-118.51433,3,2.2,1.47131
82880,Penny Lewis,1,16,12,2024,1,34.08386,-118.32626667,10,2.4,1.60931
59009,Patricia Rodriguez,1,16,12,2024,1,33.8093,-118.39465333,1,1.1,0.72869
99196,Lisa Eaton,1,16,12,2024,1,33.89378,-118.36046,4,7.2,4.79303
25547,Gabriel Jones,1,16,12,2024,1,33.89378,-118.32626667,4,3.4,2.29416
25321,Cindy Fletcher,1,16,12,2024,1,34.2317,-118.24078333,11,48.9,32.61267
61997,Wayne Woods,1,16,12,2024,1,33.89378,-118.61691,2,2.7,1.81588
19032,Christopher Davis,1,16,12,2024,1,33.89378,-118.63400667,2,1.9,1.29862
85521,Edgar Conway,1,16,12,2024,1,33.9149,-118.49723333,3,1.1,0.7337
81869,Oscar Atkins,1,16,12,2024,1,33.93602,-118.1553,8,28.9,19.27394
77924,Ryan Allen,1,16,12,2024,1,33.78818,-118.56562,2,2.1,1.37676
33859,Donna Sutton,1,16,12,2024,1,34.06274,-118.32626667,10,8.3,5.5025
92502,Thomas Owens,1,16,12,2024,1,33.89378,-118.56562,2,1.8,1.20705
22378,Jennifer Montoya,1,16,12,2024,1,33.99938,-118.39465333,6,3.9,2.60755
58484,Mrs. Pamela Smith DDS,1,16,12,2024,1,33.9149,-118.51433,3,5.0,3.35642
16540,James Meyer,1,16,12,2024,1,33.93602,-118.39465333,6,3.2,2.10444
44221,Robert Mccarty,1,16,12,2024,1,33.72482,-118.48013667,1,2.6,1.75064
26968,Michael Page,1,16,12,2024,1,33.95714,-118.30917,7,3.0,1.98469
10113,Derek Jacobs,1,16,12,2024,1,33.78818,-118.46304,1,9.1,6.07657
47833,Jennifer Garcia,1,16,12,2024,1,33.9149,-118.56562,2,2.1,1.40219
13337,Amanda Phillips,1,16,12,2024,1,33.99938,-118.53142667,5,4.9,3.27039
64185,Sara Vega,1,16,12,2024,1,34.10498,-118.46304,9,1.2,0.83232
71026,Tracy Keller MD,1,16,12,2024,1,33.95714,-118.20659,8,23.4,15.59002
64077,Antonio Graham,1,16,12,2024,1,34.0205,-118.22368667,8,4.8,3.16987
28874,Elizabeth Welch,1,16,12,2024,1,33.93602,-118.32626667,6,13.8,9.2014
89556,Derrick Brown,1,16,12,2024,1,33.83042,-118.46304,3,1.5,1.02748
68798,Juan Schmidt,1,16,12,2024,1,33.9149,-118.58271667,2,8.2,5.47039
40171,Vicki Harrison,1,16,12,2024,1,34.18946,-118.30917,11,12.2,8.10687
67223,Andrea Mcbride,1,16,12,2024,1,34.1261,-118.30917,10,2.9,1.92815
34302,Steven Park,1,16,12,2024,1,34.06274,-118.34336333,10,5.0,3.31245
57713,Deborah Mahoney,1,16,12,2024,1,33.97826,-118.32626667,6,0.8,0.54488
81687,Jessica Hale,1,16,12,2024,1,33.9149,-118.53142667,3,2.2,1.4869
55331,Eric Price,1,16,12,2024,1,33.78818,-118.25788,4,12.1,8.06844
97928,Melanie Haynes,1,16,12,2024,1,33.87266,-118.59981333,2,3.3,2.23201
34551,Candice Harrell,1,16,12,2024,1,33.93602,-118.39465333,6,8.5,5.69666
28450,Tonya Garcia,1,16,12,2024,1,34.04162,-118.36046,10,1.3,0.85071
36865,Matthew Barnes,1,16,12,2024,1,33.9149,-118.34336333,4,9.5,6.31801
85578,Adam Williams,1,16,12,2024,1,33.8093,-118.51433,1,9.7,6.47423
79672,Wendy Shaw,1,16,12,2024,1,34.10498,-118.48013667,9,6.8,4.5237
12078,Eugene Bond,1,16,12,2024,1,33.9149,-118.54852333,2,6.6,4.40953
98061,Dana Lewis,1,16,12,2024,1,33.95714,-118.46304,6,1.3,0.83708
58314,Kevin Nichols,1,16,12,2024,1,34.25282,-118.30917,11,41.7,27.77176
45865,Stephanie Rivera,1,16,12,2024,1,34.1261,-118.42884667,9,5.3,3.5483
74339,Crystal Miller,1,16,12,2024,1,33.83042,-118.51433,3,8.1,5.38715
66406,Jason Roberts,1,16,12,2024,1,34.08386,-118.41175,9,3.0,1.9712
23058,Keith Jones,1,16,12,2024,1,33.9149,-118.46304,3,0.9,0.59198
28791,Dustin Ewing,1,16,12,2024,1,34.08386,-118.25788,10,14.8,9.88341
70990,Aaron Brown,1,16,12,2024,1,34.18946,-118.27497667,11,39.3,26.17745
54600,Lance Gonzalez,1,16,12,2024,1,33.78818,-118.54852333,1,3.6,2.4301
56162,Travis Warren,1,16,12,2024,1,34.29506,-118.32626667,11,61.5,40.99881
19666,Allison Sharp,1,16,12,2024,1,34.04162,-118.29207333,10,1.3,0.84649
72531,Danielle Carter,1,16,12,2024,1,33.8093,-118.49723333,1,0.9,0.61429
32802,Christopher Dunlap,1,16,12,2024,1,33.83042,-118.39465333,3,4.9,3.26149
93642,Matthew Carter,1,16,12,2024,1,33.89378,-118.36046,4,8.5,5.67702
19466,Becky Valentine,1,16,12,2024,1,33.8093,-118.59981333,2,3.2,2.12025
18937,George Moore,1,16,12,2024,1,34.04162,-118.27497667,10,12.9,8.59918
47818,Alexandra Brown,1,16,12,2024,1,34.10498,-118.29207333,10,6.4,4.27486
26107,Stacie Cruz,1,16,12,2024,1,33.99938,-118.36046,6,0.7,0.44051
99657,John Jackson,1,16,12,2024,1,33.8093,-118.41175,1,9.5,6.36352
51010,James Garcia,1,16,12,2024,1,33.89378,-118.56562,2,4.7,3.15472
77563,Lori Rocha,1,16,12,2024,1,33.95714,-118.25788,7,3.2,2.13505
18538,Laurie Jones,1,16,12,2024,1,33.95714,-118.51433,5,5.0,3.36102
14136,Chris Fisher,1,16,12,2024,1,33.76706,-118.46304,1,0.7,0.45634
38559,Eric Bush,1,16,12,2024,1,33.9149,-118.48013667,3,3.8,2.51523
76896,Jamie Obrien,1,16,12,2024,1,34.04162,-118.24078333,10,0.7,0.4982
25669,Haley Fields,1,16,12,2024,1,34.06274,-118.39465333,9,1.2,0.82189
83748,Brian Robles,1,16,12,2024,1,33.93602,-118.42884667,6,3.3,2.22503
14926,David Keller,1,16,12,2024,1,34.16834,-118.30917,11,7.9,5.26256
18478,Angela Nguyen MD,1,16,12,2024,1,33.74594,-118.48013667,1,2.6,1.75255
67116,Diana Long,1,16,12,2024,1,33.74594,-118.48013667,1,1.4,0.91583
86420,Austin Blevins,1,16,12,2024,1,33.72482,-118.46304,1,0.6,0.38993
74756,Elizabeth Obrien,1,16,12,2024,1,34.29506,-118.24078333,11,52.9,35.24643
73996,Marcia Ramirez,1,16,12,2024,1,33.8093,-118.58271667,2,3.8,2.51332
72228,David Roberts,1,16,12,2024,1,33.74594,-118.51433,1,5.2,3.4981
87633,Nathan Carrillo,1,16,12,2024,1,33.85154,-118.46304,3,1.6,1.03848
81279,Jessica Greer,1,16,12,2024,1,33.97826,-118.53142667,5,2.5,1.66212
75072,Emily Smith,1,16,12,2024,1,33.83042,-118.46304,3,0.6,0.40733
33255,Timothy Johnson DDS,1,16,12,2024,1,34.0205,-118.37755667,6,1.4,0.95312
39235,John Walker,1,16,12,2024,1,33.85154,-118.51433,3,6.4,4.23438
49501,Michelle Delgado,1,16,12,2024,1,33.9149,-118.41175,3,7.7,5.14573
21559,Andre Norris,1,16,12,2024,1,33.87266,-118.51433,3,2.0,1.3655
75425,Billy Hickman,1,16,12,2024,1,33.99938,-118.22368667,8,3.9,2.6245
74055,Matthew Hall,1,16,12,2024,1,33.89378,-118.44594333,3,1.2,0.79798
33311,Brittany Burgess,1,16,12,2024,1,33.87266,-118.42884667,3,4.3,2.87419
76773,Tamara Oliver,1,16,12,2024,1,34.3373,-118.24078333,11,60.1,40.07772
25319,Brian Williams,1,16,12,2024,1,34.14722,-118.27497667,11,43.2,28.79221
77494,David Mcclure,1,16,12,2024,1,34.0205,-118.32626667,6,3.7,2.49826
56512,Jenna Rivera,1,16,12,2024,1,33.87266,-118.59981333,2,3.9,2.60056
93780,Robert Horne,1,16,12,2024,1,33.93602,-118.54852333,5,4.0,2.66088
53887,Adam Burke,1,16,12,2024,1,33.9149,-118.48013667,3,6.2,4.10623
84592,Becky Moore,1,16,12,2024,1,33.87266,-118.61691,2,3.7,2.4694
54226,Nicole Larson,1,16,12,2024,1,34.0205,-118.20659,8,3.4,2.26371
12510,William Johnson,1,16,12,2024,1,33.97826,-118.17239667,8,14.0,9.32895
60292,Michelle Wright,1,16,12,2024,1,33.8093,-118.48013667,1,2.0,1.3541
17439,Bruce Garcia,1,16,12,2024,1,34.27394,-118.24078333,11,51.7,34.46655
48248,Anna Brewer,1,16,12,2024,1,33.87266,-118.6682,2,2.0,1.34716
71070,Sherry Stewart,1,16,12,2024,1,33.83042,-118.42884667,3,1.2,0.80749
62777,Jamie Williams,1,16,12,2024,1,33.78818,-118.61691,2,2.4,1.59918
60783,Jennifer Chambers,1,16,12,2024,1,33.97826,-118.24078333,7,13.7,9.10599
62860,Carmen Jordan,1,16,12,2024,1,33.99938,-118.27497667,7,7.3,4.88434
10244,Mary Barrera,1,16,12,2024,1,33.85154,-118.63400667,2,11.7,7.81239
46659,Michael Ruiz,1,16,12,2024,1,33.9149,-118.20659,8,0.8,0.56041
33142,Benjamin Morgan,1,16,12,2024,1,33.74594,-118.49723333,1,4.1,2.7337
96090,Jacob Williams,1,16,12,2024,1,34.06274,-118.39465333,9,2.5,1.65954
81825,Paul Acosta,1,16,12,2024,1,33.74594,-118.58271667,2,0.9,0.58815
60413,Alexander Stephens,1,16,12,2024,1,34.2317,-118.24078333,11,51.2,34.15865
44368,Brandon Flores,1,16,12,2024,1,33.76706,-118.59981333,2,1.0,0.66512
10223,John Adams,1,16,12,2024,1,33.85154,-118.54852333,2,5.6,3.7513
13853,Nathan Reilly,1,16,12,2024,1,34.31618,-118.25788,11,59.5,39.6528
21524,Natalie Davis,1,16,12,2024,1,33.83042,-118.6682,2,4.0,2.69521
89040,James Baker,1,16,12,2024,1,33.93602,-118.18949333,8,32.4,21.61257
41830,Cynthia Murphy,1,16,12,2024,1,33.95714,-118.37755667,6,6.1,4.07112
44317,Mary Flynn,1,16,12,2024,1,34.2317,-118.30917,11,38.7,25.79388
82027,Alexander Whitney,1,16,12,2024,1,33.93602,-118.34336333,6,13.2,8.82337
64004,Robert Thomas,1,16,12,2024,1,34.08386,-118.24078333,10,13.6,9.06236
87128,Lisa Morales,1,16,12,2024,1,34.0205,-118.29207333,7,6.7,4.48298
27560,Mrs. Jillian Patel,1,16,12,2024,1,33.83042,-118.49723333,3,3.7,2.43652
49972,Katherine Rodriguez,1,16,12,2024,1,34.10498,-118.37755667,9,1.6,1.09595
51515,Elizabeth Franco,1,16,12,2024,1,34.1261,-118.27497667,10,11.0,7.31284
48201,Steven Mora,1,16,12,2024,1,33.95714,-118.17239667,8,23.8,15.89846
58824,Matthew Taylor,1,16,12,2024,1,34.04162,-118.42884667,9,5.2,3.49287
42201,Paul Marquez,1,16,12,2024,1,33.93602,-118.27497667,7,4.0,2.69863
81087,Stephanie Moore,1,16,12,2024,1,33.7037,-118.44594333,1,3.7,2.47644
93998,Donald Garza,1,16,12,2024,1,33.93602,-118.30917,7,8.6,5.72393
76564,Melanie Merritt,1,16,12,2024,1,33.95714,-118.48013667,5,4.0,2.64748
71712,Mr. Larry Wright Jr.,1,16,12,2024,1,33.99938,-118.44594333,6,0.6,0.38413
65949,Alexander Wells,1,16,12,2024,1,33.95714,-118.53142667,5,4.4,2.93141
67534,Nancy Diaz,1,16,12,2024,1,33.87266,-118.48013667,3,0.4,0.27841
92828,Adrian Walsh,1,16,12,2024,1,33.89378,-118.39465333,3,9.2,6.14763
77904,Jean Haley,1,16,12,2024,1,33.85154,-118.37755667,4,6.4,4.25442
71154,Russell Jordan,1,16,12,2024,1,33.85154,-118.44594333,3,0.7,0.43984
10953,Joy Rowe,1,16,12,2024,1,33.95714,-118.46304,6,1.7,1.1199
63003,Timothy Russell,1,16,12,2024,1,33.89378,-118.34336333,4,5.7,3.83048
25874,Jeanne Haney,1,16,12,2024,1,33.97826,-118.53142667,5,1.3,0.85774
65677,Sarah Gordon,1,16,12,2024,1,33.87266,-118.42884667,3,5.0,3.36278
79215,Anna Oneill,1,16,12,2024,1,33.76706,-118.53142667,1,0.2,0.15013
82615,Holly Bowers,1,16,12,2024,1,33.74594,-118.49723333,1,3.6,2.40972
63338,Kelli Clark,1,16,12,2024,1,33.72482,-118.41175,1,13.6,9.05873
96753,Adriana Acosta,1,16,12,2024,1,33.93602,-118.56562,5,1.7,1.13684
63621,Caitlyn Wise,1,16,12,2024,1,33.9149,-118.42884667,3,3.2,2.1649
89415,Haley Hall,1,16,12,2024,1,33.78818,-118.37755667,4,11.8,7.8852
11543,Joseph Martin,1,16,12,2024,1,33.74594,-118.51433,1,5.4,3.58427
63987,Charles Conner,1,16,12,2024,1,33.78818,-118.27497667,4,14.0,9.30443
33645,Laurie Thornton,1,16,12,2024,1,33.87266,-118.61691,2,4.4,2.95173
58249,James Clark,1,16,12,2024,1,33.95714,-118.20659,8,1.2,0.77952
12742,Deborah Gibson,1,16,12,2024,1,33.85154,-118.44594333,3,1.2,0.7873
27012,Grant Harris,1,16,12,2024,1,33.83042,-118.51433,3,3.3,2.19399
27522,Rebecca Mckee,1,16,12,2024,1,34.1261,-118.30917,10,1.6,1.04464
90655,Richard Swanson,1,16,12,2024,1,33.85154,-118.49723333,3,2.1,1.37812
52598,Eric Banks,1,16,12,2024,1,33.99938,-118.56562,5,2.7,1.82584
70753,Jennifer Turner,1,16,12,2024,1,33.78818,-118.56562,2,4.4,2.91305
47298,Clayton Pierce,1,16,12,2024,1,33.9149,-118.42884667,3,0.9,0.61125
33230,Margaret Burns,1,16,12,2024,1,34.06274,-118.42884667,9,1.6,1.06316
46277,Zoe Greene,1,16,12,2024,1,33.93602,-118.34336333,6,8.7,5.79102
86056,Emily Perez,1,16,12,2024,1,33.9149,-118.53142667,3,3.7,2.47144
63764,Erin Crawford,1,16,12,2024,1,34.06274,-118.30917,10,3.7,2.4432
57093,Sandra Santos,1,16,12,2024,1,33.95714,-118.18949333,8,21.1,14.06066
48893,Raymond Evans,1,16,12,2024,1,33.8093,-118.46304,1,0.8,0.5082
67104,Stephanie King,1,16,12,2024,1,33.7037,-118.49723333,1,2.7,1.77804
89186,Jordan Dawson,1,16,12,2024,1,33.83042,-118.58271667,2,1.5,1.01542
65180,Katie Grimes,1,16,12,2024,1,33.9149,-118.29207333,4,6.5,4.34769
26137,Lynn Chaney,1,16,12,2024,1,34.1261,-118.29207333,10,13.8,9.19761
26716,Nancy Berger,1,16,12,2024,1,33.99938,-118.22368667,8,8.5,5.66548
67001,Stephen Hess,1,16,12,2024,1,34.04162,-118.37755667,9,0.9,0.56908
30738,Bradley Cummings,1,16,12,2024,1,33.97826,-118.20659,8,13.3,8.89903
50311,Melanie Frank,1,16,12,2024,1,33.74594,-118.46304,1,0.8,0.55792
84131,Stephen Bailey,1,16,12,2024,1,34.04162,-118.36046,10,0.8,0.54787
43161,David Murphy,1,16,12,2024,1,33.87266,-118.65110333,2,8.4,5.60166
21938,Maria Rose,1,16,12,2024,1,34.10498,-118.22368667,10,11.6,7.70423
18734,Sylvia Carter,1,16,12,2024,1,33.95714,-118.48013667,5,7.8,5.2005
74404,Michael Evans,1,16,12,2024,1,34.08386,-118.42884667,9,3.3,2.17682
60064,Edward Cochran,1,16,12,2024,1,33.76706,-118.32626667,4,5.7,3.77314
52169,Wesley Rogers,1,16,12,2024,1,33.76706,-118.56562,2,6.2,4.14207
73395,Autumn Wilson,1,16,12,2024,1,34.10498,-118.22368667,10,11.5,7.66523
37065,Tracy Gates,1,16,12,2024,1,33.78818,-118.53142667,1,7.4,4.91263
91106,Cassandra Fry,1,16,12,2024,1,33.89378,-118.39465333,3,6.2,4.13889
55126,Jeffrey King,1,16,12,2024,1,33.85154,-118.49723333,3,4.4,2.93131
44734,Amy Marshall,1,16,12,2024,1,33.72482,-118.46304,1,3.2,2.12725
19572,Marissa Estrada,1,16,12,2024,1,33.8093,-118.59981333,2,2.2,1.49653
60612,Kelly Escobar,1,16,12,2024,1,33.97826,-118.49723333,5,2.4,1.56864
45727,James Gonzalez,1,16,12,2024,1,33.87266,-118.36046,4,6.4,4.23583
13366,Sandra Yang,1,16,12,2024,1,33.97826,-118.1553,8,14.5,9.6397
81429,Valerie Gonzalez,1,16,12,2024,1,33.85154,-118.56562,2,1.5,1.00774
47041,Deborah Glover,1,16,12,2024,1,33.95714,-118.54852333,5,0.1,0.0666
61208,Kelly Jensen,1,16,12,2024,1,33.87266,-118.48013667,3,1.2,0.79013
55650,Alexandra James,1,16,12,2024,1,33.9149,-118.56562,2,2.0,1.3118
65983,Catherine Soto,1,16,12,2024,1,33.78818,-118.59981333,2,0.2,0.14727
91184,Alex Marquez,1,16,12,2024,1,33.83042,-118.32626667,4,12.9,8.57618
38136,Sarah Thomas,1,16,12,2024,1,34.0205,-118.53142667,5,0.7,0.46165
81992,Erin Lee,1,16,12,2024,1,33.87266,-118.65110333,2,9.2,6.16277
73096,Jacqueline Johnson,1,16,12,2024,1,33.97826,-118.54852333,5,0.9,0.57965
75274,David Hill,1,16,12,2024,1,33.99938,-118.32626667,6,1.5,0.99996
54160,Rebecca Schwartz,1,16,12,2024,1,33.8093,-118.44594333,1,6.7,4.44265
39997,Zachary Martinez,1,16,12,2024,1,33.74594,-118.54852333,1,3.1,2.04405
95114,Joshua Schmidt,1,16,12,2024,1,33.89378,-118.49723333,3,1.2,0.80276
33605,Angel Massey,1,16,12,2024,1,33.78818,-118.51433,1,4.8,3.17861
33729,Dr. Mary Thomas DDS,1,16,12,2024,1,34.06274,-118.36046,10,7.9,5.29663
79237,Emily Cannon,1,16,12,2024,1,33.78818,-118.49723333,1,1.3,0.87687
92104,Kimberly Cowan,1,16,12,2024,1,34.06274,-118.30917,10,3.4,2.27128
12322,Jessica Bean,1,16,12,2024,1,33.72482,-118.41175,1,13.9,9.27024
69045,Danielle Reynolds,1,16,12,2024,1,33.95714,-118.56562,5,2.3,1.54705
40519,Kathryn Gardner,1,16,12,2024,1,34.04162,-118.41175,9,3.0,1.98366
51552,Tamara Meyer,1,16,12,2024,1,33.87266,-118.29207333,4,6.1,4.04265
89744,Miguel Robinson,1,16,12,2024,1,33.97826,-118.42884667,6,0.8,0.54808
24758,Laura Gardner,1,16,12,2024,1,33.87266,-118.48013667,3,2.2,1.46663
27094,Daniel Brown,1,16,12,2024,1,34.0205,-118.18949333,8,12.9,8.58895
70519,Deborah Rodgers DVM,1,16,12,2024,1,33.87266,-118.39465333,3,2.3,1.56012
20219,Crystal Griffith,1,16,12,2024,1,33.8093,-118.51433,1,6.4,4.28796
94369,Terrence Moore,1,16,12,2024,1,33.87266,-118.46304,3,1.1,0.70422
72096,Ryan Roberts,1,16,12,2024,1,33.76706,-118.37755667,4,14.7,9.7868
47067,Erica Bates,1,16,12,2024,1,33.83042,-118.44594333,3,1.4,0.96238
76631,Omar Campbell,1,16,12,2024,1,33.99938,-118.30917,7,1.8,1.17414
99209,Shannon Marshall,1,16,12,2024,1,33.9149,-118.34336333,4,5.0,3.30113
68294,Cody Brewer,1,16,12,2024,1,34.29506,-118.30917,11,63.7,42.46569
16403,Vanessa Romero DDS,1,16,12,2024,1,33.85154,-118.54852333,2,0.3,0.20673
75916,Maria Moran,1,16,12,2024,1,33.87266,-118.49723333,3,1.6,1.03565
16306,Brandon Jenkins,1,16,12,2024,1,34.2317,-118.27497667,11,47.0,31.30472
35738,Patricia Smith,1,16,12,2024,1,34.0205,-118.25788,7,3.7,2.44851
84958,Mark Flores,1,16,12,2024,1,34.0205,-118.37755667,6,0.8,0.52786
82585,Marilyn Haynes,1,16,12,2024,1,33.78818,-118.34336333,4,12.5,8.31266
47940,Michael Morales,1,16,12,2024,1,33.89378,-118.53142667,3,2.8,1.87072
65312,Jordan West,1,16,12,2024,1,33.9149,-118.24078333,4,0.7,0.48081
31758,Kevin Stone,1,16,12,2024,1,33.85154,-118.63400667,2,1.3,0.88746
12253,Christopher Bailey,1,16,12,2024,1,34.04162,-118.32626667,10,3.4,2.26461
17951,Sean Owen,1,16,12,2024,1,33.95714,-118.34336333,6,9.6,6.41195
40120,Amanda Howard,1,16,12,2024,1,33.93602,-118.17239667,8,30.7,20.46727
99288,Michael Liu,1,16,12,2024,1,33.7037,-118.49723333,1,6.7,4.49189
15755,Andrew Mason,1,16,12,2024,1,33.76706,-118.30917,4,14.6,9.71558
10671,Kayla Zuniga,1,16,12,2024,1,33.9149,-118.30917,4,2.0,1.35623
95059,Martin Hurley,1,16,12,2024,1,33.74594,-118.44594333,1,2.5,1.64423
80970,Randy Wallace,1,16,12,2024,1,33.93602,-118.44594333,6,2.7,1.78472
18555,James Watts,1,16,12,2024,1,34.06274,-118.27497667,10,7.8,5.19473
38773,Emily Grimes,1,16,12,2024,1,34.10498,-118.39465333,9,3.2,2.12628
50534,Melissa Christian,1,16,12,2024,1,34.0205,-118.36046,6,2.6,1.71729
26481,Taylor Lowe,1,16,12,2024,1,34.25282,-118.24078333,11,45.2,30.10034
19384,Ms. Erin Shannon DDS,1,16,12,2024,1,33.83042,-118.41175,3,11.6,7.72753
21023,Caitlin Anderson,1,16,12,2024,1,33.83042,-118.54852333,2,4.6,3.05192
31026,Jared Jordan,1,16,12,2024,1,33.76706,-118.63400667,2,5.1,3.37634
88315,Mark Peterson,1,16,12,2024,1,33.99938,-118.49723333,5,3.6,2.42487
17742,Anne Navarro,1,16,12,2024,1,34.0205,-118.34336333,6,7.4,4.93717
22181,Christopher Lawrence,1,16,12,2024,1,33.95714,-118.29207333,7,4.1,2.73757
20019,Elizabeth Hughes,1,16,12,2024,1,33.89378,-118.41175,3,8.0,5.33648
94009,John Jenkins,1,16,12,2024,1,33.89378,-118.42884667,3,1.2,0.77229
31267,Suzanne Harris,1,16,12,2024,1,34.31618,-118.24078333,11,58.2,38.76927
52837,Evelyn Wilson,1,16,12,2024,1,34.04162,-118.32626667,10,11.6,7.71178
72821,Kathleen Gutierrez,1,16,12,2024,1,33.85154,-118.6682,2,10.1,6.71582
19660,David Austin,1,16,12,2024,1,33.95714,-118.58271667,5,4.3,2.88035
43531,Kyle Wright,1,16,12,2024,1,33.97826,-118.56562,5,2.5,1.66494
95826,Collin Valdez,1,16,12,2024,1,34.06274,-118.34336333,10,3.6,2.42038
31988,Mary Webb,1,16,12,2024,1,33.9149,-118.27497667,4,6.9,4.62035
53800,Christopher Dominguez,1,16,12,2024,1,33.78818,-118.46304,1,0.9,0.59242
27810,Rebecca Rodriguez,1,16,12,2024,1,33.93602,-118.29207333,7,5.8,3.8722
97009,Anthony Schmidt,1,16,12,2024,1,33.87266,-118.32626667,4,1.3,0.89155
28432,Mario Crosby,1,16,12,2024,1,33.78818,-118.44594333,1,7.7,5.12715
39531,Anna Brewer,1,16,12,2024,1,33.87266,-118.56562,2,0.3,0.17304
22506,Kathleen Shaffer,1,16,12,2024,1,34.04162,-118.39465333,9,0.9,0.621
10006,Terry Smith,1,16,12,2024,1,33.89378,-118.22368667,8,3.8,2.51503
71824,Regina Goodman,1,16,12,2024,1,34.10498,-118.49723333,9,10.6,7.07437
30594,Natalie Lopez,1,16,12,2024,1,33.8093,-118.53142667,1,1.1,0.75849
23338,Dr. Melvin Wallace DVM,1,16,12,2024,1,33.8093,-118.61691,2,5.0,3.30273
74137,Joshua Jacobs,1,16,12,2024,1,33.87266,-118.41175,3,11.2,7.44199
68339,Kenneth Hill,1,16,12,2024,1,33.8093,-118.48013667,1,3.6,2.42767
83768,Thomas Sharp,1,16,12,2024,1,33.76706,-118.34336333,4,14.3,9.55654
33616,Jessica Schultz,1,16,12,2024,1,34.10498,-118.25788,10,13.7,9.12368
33294,Danny Morgan,1,16,12,2024,1,34.31618,-118.27497667,11,57.4,38.25073
20595,Shaun Lambert,1,16,12,2024,1,34.08386,-118.29207333,10,1.3,0.85563
74636,Michelle Fuller,1,16,12,2024,1,33.8093,-118.56562,2,2.8,1.86039
60347,Cody Nolan,1,16,12,2024,1,34.10498,-118.30917,10,0.9,0.62432
51701,Brandon Hodge,1,16,12,2024,1,34.0205,-118.39465333,6,1.2,0.80431
79844,Michelle Vasquez,1,16,12,2024,1,34.08386,-118.29207333,10,0.3,0.21395
11903,Emily Foster,1,16,12,2024,1,33.93602,-118.53142667,5,5.3,3.56219
37273,Beverly Chang,1,16,12,2024,1,34.06274,-118.32626667,10,5.0,3.35093
42742,Mary Martinez,1,16,12,2024,1,33.97826,-118.51433,5,1.9,1.26287
14942,Bryan Elliott,1,16,12,2024,1,33.89378,-118.48013667,3,1.2,0.76853
76614,Sherry Ewing,1,16,12,2024,1,33.89378,-118.51433,3,4.3,2.84119
36153,Kristina Mckenzie,1,16,12,2024,1,34.1261,-118.25788,10,31.9,21.27103
65389,Martha Fisher,1,16,12,2024,1,33.89378,-118.46304,3,2.0,1.34518
18380,Sarah Johnson,1,16,12,2024,1,33.72482,-118.51433,1,4.0,2.65781
91887,Larry House,1,16,12,2024,1,34.08386,-118.30917,10,2.1,1.3903
17659,Lisa Allen,1,16,12,2024,1,33.97826,-118.44594333,6,1.2,0.8173
98464,Donna Willis,1,16,12,2024,1,33.85154,-118.53142667,3,3.9,2.58667
57553,Jill Bullock,1,16,12,2024,1,34.04162,-118.27497667,10,14.3,9.50115
58082,Angel Caldwell PhD,1,16,12,2024,1,33.9149,-118.18949333,8,0.8,0.50699
40615,Heather Stephens,1,16,12,2024,1,33.99938,-118.48013667,5,0.4,0.24598
74820,Timothy Williams,1,16,12,2024,1,33.74594,-118.56562,2,3.3,2.18271
11415,Derek Blair,1,16,12,2024,1,34.10498,-118.42884667,9,2.7,1.821
91451,Sheila Ford,1,16,12,2024,1,33.74594,-118.42884667,1,14.4,9.60355
56923,Kathleen Rivera,1,16,12,2024,1,33.78818,-118.42884667,1,1.9,1.29334
68149,James Trevino,1,16,12,2024,1,33.99938,-118.39465333,6,2.4,1.60902
15652,Jessica Bell,1,16,12,2024,1,33.7037,-118.44594333,1,3.4,2.25417
24098,Susan Greene,1,16,12,2024,1,33.9149,-118.42884667,3,2.5,1.65692
69885,Shelby Mcdonald,1,16,12,2024,1,33.93602,-118.20659,8,1.1,0.71619
96318,Dr. Margaret Todd MD,1,16,12,2024,1,34.04162,-118.30917,10,5.9,3.92258
56443,John Shaw,1,16,12,2024,1,33.85154,-118.58271667,2,1.4,0.9093
43481,Thomas Norman,1,16,12,2024,1,34.0205,-118.39465333,6,1.1,0.71158
60830,Aaron Kelley,1,16,12,2024,1,33.93602,-118.51433,5,5.9,3.93223
13109,Clayton Smith,1,16,12,2024,1,33.87266,-118.32626667,4,1.0,0.66744
58755,Joshua Murphy,1,16,12,2024,1,33.95714,-118.17239667,8,21.0,13.99027
43609,Michael Newton,1,16,12,2024,1,33.78818,-118.49723333,1,1.0,0.67827
54969,Meredith Brown,1,16,12,2024,1,33.99938,-118.32626667,6,3.2,2.12379
70912,Julian Lawrence,1,16,12,2024,1,33.97826,-118.25788,7,0.9,0.57283
34889,Ian Weiss,1,16,12,2024,1,33.85154,-118.41175,3,3.6,2.40111
66557,Nancy Howell,1,16,12,2024,1,33.83042,-118.56562,2,1.7,1.12092
65791,Travis Gomez,1,16,12,2024,1,33.74594,-118.53142667,1,4.0,2.6953
50315,Luis Campbell,1,16,12,2024,1,33.7037,-118.42884667,1,7.3,4.85763
88107,Phillip Jones,1,16,12,2024,1,34.16834,-118.27497667,11,36.5,24.30433
22901,Catherine Sullivan,1,16,12,2024,1,33.85154,-118.36046,4,7.8,5.19468
63219,David Jackson,1,16,12,2024,1,33.74594,-118.42884667,1,15.0,9.99689
54466,Greg Rivera,1,16,12,2024,1,33.95714,-118.39465333,6,11.7,7.79626
29365,Robert Jensen,1,16,12,2024,1,34.06274,-118.51433,9,9.6,6.385
66523,Hector Meadows,1,16,12,2024,1,33.83042,-118.53142667,3,5.2,3.4845
97066,Cassandra Johnson,1,16,12,2024,1,33.83042,-118.59981333,2,1.0,0.68423
75801,Amanda Joseph,1,16,12,2024,1,34.06274,-118.37755667,9,1.0,0.64955
56077,Matthew Taylor,1,16,12,2024,1,34.31618,-118.30917,11,66.7,44.43601
25453,John Martinez,1,16,12,2024,1,34.06274,-118.34336333,10,2.6,1.72782
50116,Ethan Nichols,1,16,12,2024,1,33.99938,-118.30917,7,1.1,0.70505
64016,Jonathan Lewis,1,16,12,2024,1,33.78818,-118.51433,1,3.5,2.34882
28476,Joe Wheeler,1,16,12,2024,1,34.14722,-118.27497667,11,35.3,23.56176
73965,Steven Mccarthy,1,16,12,2024,1,33.83042,-118.39465333,3,9.1,6.09458
78138,Melinda Cain,1,16,12,2024,1,33.78818,-118.58271667,2,1.7,1.10589
41469,Natasha Schaefer,1,16,12,2024,1,34.04162,-118.29207333,10,6.4,4.28442
64901,James Johnson,1,16,12,2024,1,33.76706,-118.54852333,1,5.8,3.87646
32426,Amanda Alexander,1,16,12,2024,1,34.08386,-118.39465333,9,0.9,0.60457
53424,Michelle Gonzales,1,16,12,2024,1,33.87266,-118.51433,3,5.9,3.946
76403,William Miller,1,16,12,2024,1,33.76706,-118.49723333,1,0.3,0.22059
76363,Marissa Butler,1,16,12,2024,1,33.9149,-118.46304,3,6.5,4.31279
42060,Christine Gilbert DDS,1,16,12,2024,1,33.85154,-118.46304,3,1.3,0.85499
25758,Maurice Martin,1,16,12,2024,1,34.31618,-118.32626667,11,68.2,45.44764
47527,Mark Wright,1,16,12,2024,1,33.87266,-118.6682,2,4.1,2.76355
53815,Nancy Gonzalez,1,16,12,2024,1,33.87266,-118.37755667,4,8.3,5.50251
76586,Jasmine Campbell,1,16,12,2024,1,34.08386,-118.46304,9,2.7,1.81997
28650,Michael Phelps,1,16,12,2024,1,33.72482,-118.49723333,1,4.5,2.99734
26711,Kristie Key,1,16,12,2024,1,33.85154,-118.65110333,2,6.4,4.27945
23250,Donna Lee,1,16,12,2024,1,33.89378,-118.27497667,4,1.4,0.92503
22331,Jason Riley,1,16,12,2024,1,34.14722,-118.29207333,11,36.0,24.02699
50894,Mary Clark,1,16,12,2024,1,34.14722,-118.25788,11,36.2,24.14759
40037,Joseph Thompson,1,16,12,2024,1,33.9149,-118.22368667,8,2.8,1.86619
86055,Taylor Rodriguez,1,16,12,2024,1,33.95714,-118.37755667,6,3.4,2.2951
97750,Derek Walker,1,16,12,2024,1,34.0205,-118.34336333,6,3.2,2.1331
70860,Tiffany Ramos,1,16,12,2024,1,33.97826,-118.46304,6,1.4,0.903
48594,Richard White,1,16,12,2024,1,33.85154,-118.36046,4,1.0,0.69564
53616,Jeffrey Boone,1,16,12,2024,1,33.76706,-118.58271667,2,2.4,1.60742
99179,Jennifer Davis,1,16,12,2024,1,34.25282,-118.29207333,11,55.1,36.72608
62116,Ms. Yvonne Mathis MD,1,16,12,2024,1,33.97826,-118.32626667,6,1.3,0.88086
16555,James Lozano,1,16,12,2024,1,33.89378,-118.53142667,3,3.3,2.22607
19419,Mr. Derek Shaw,1,16,12,2024,1,33.83042,-118.48013667,3,3.6,2.38376
44160,Mr. Jonathan Hughes,1,16,12,2024,1,33.8093,-118.61691,2,2.2,1.44664
74427,Paul Horn,1,16,12,2024,1,34.08386,-118.44594333,9,3.2,2.13031
50415,John Love,1,16,12,2024,1,33.72482,-118.49723333,1,6.3,4.20767
64224,Kevin Glass,1,16,12,2024,1,34.08386,-118.42884667,9,3.8,2.51809
79108,Terry Moore,1,16,12,2024,1,33.9149,-118.24078333,4,3.8,2.54152
46169,Matthew Watson,1,16,12,2024,1,33.95714,-118.42884667,6,1.7,1.13362
65324,Christopher Bautista,1,16,12,2024,1,33.95714,-118.46304,6,3.5,2.30525
61733,Joseph Shaffer,1,16,12,2024,1,33.72482,-118.51433,1,5.2,3.45617
25331,Christopher Proctor,1,16,12,2024,1,33.97826,-118.49723333,5,3.2,2.11598
82108,Diane Park MD,1,16,12,2024,1,34.16834,-118.30917,11,8.7,5.81571
94734,Mary Gray,1,16,12,2024,1,33.95714,-118.27497667,7,3.7,2.4694
24089,Laurie Washington,1,16,12,2024,1,34.08386,-118.27497667,10,14.1,9.43314
60696,Richard Vincent,1,16,12,2024,1,33.89378,-118.63400667,2,4.9,3.27537
85723,Vicki Crawford,1,16,12,2024,1,33.9149,-118.58271667,2,2.1,1.42951
46606,Miranda Lambert,1,16,12,2024,1,33.76706,-118.51433,1,7.5,4.99287
76313,Matthew Evans,1,16,12,2024,1,34.0205,-118.24078333,7,5.6,3.72925
89576,Darrell Hawkins,1,16,12,2024,1,33.93602,-118.18949333,8,28.7,19.1041
29090,Kayla Alvarez,1,16,12,2024,1,33.99938,-118.25788,7,1.3,0.84596
97688,Phillip Potter,1,16,12,2024,1,33.97826,-118.41175,6,6.6,4.40892
46988,Christina Hutchinson,1,16,12,2024,1,33.9149,-118.44594333,3,1.9,1.28013
89581,Michael Lucas,1,16,12,2024,1,33.85154,-118.34336333,4,7.1,4.70226
35192,Julie Schwartz,1,16,12,2024,1,34.1261,-118.44594333,9,6.1,4.06763
71004,Allison Benson,1,16,12,2024,1,33.97826,-118.32626667,6,1.1,0.70088
15114,John Goodwin,1,16,12,2024,1,33.7037,-118.49723333,1,1.2,0.82651
77010,Jeffery Smith,1,16,12,2024,1,33.74594,-118.46304,1,2.9,1.91753
15127,Dawn Brown,1,16,12,2024,1,33.83042,-118.42884667,3,3.8,2.55452
30078,Ms. Teresa Cervantes,1,16,12,2024,1,33.76706,-118.53142667,1,5.1,3.40699
19013,Michelle Patterson,1,16,12,2024,1,33.95714,-118.42884667,6,1.7,1.10228
31708,Sean Porter,1,16,12,2024,1,33.95714,-118.36046,6,3.8,2.54248
44945,Michael Ward,1,16,12,2024,1,33.87266,-118.39465333,3,9.1,6.04263
31342,Alicia Tran,1,16,12,2024,1,33.76706,-118.46304,1,3.8,2.5326
46621,Dawn Nelson,1,16,12,2024,1,34.14722,-118.29207333,11,38.5,25.63715
62843,Michael Phillips,1,16,12,2024,1,33.8093,-118.42884667,1,3.5,2.31749
46693,Susan Murray,1,16,12,2024,1,34.10498,-118.27497667,10,13.2,8.81942
51961,Sarah Payne,1,16,12,2024,1,33.85154,-118.49723333,3,5.0,3.30039
24681,Kathryn Clark,1,16,12,2024,1,33.97826,-118.42884667,6,0.7,0.43955
50753,Robert Marshall,1,16,12,2024,1,34.1261,-118.30917,10,3.5,2.32082
90435,Andrea Mack,1,16,12,2024,1,34.2317,-118.22368667,11,49.5,33.01893
44688,Austin Garcia,1,16,12,2024,1,33.76706,-118.44594333,1,0.5,0.30048
39999,Kyle Hall,1,16,12,2024,1,34.06274,-118.24078333,10,10.3,6.85476
37214,Christine Hansen,1,16,12,2024,1,34.0205,-118.56562,5,5.8,3.86163
73592,Patricia Buckley,1,16,12,2024,1,33.95714,-118.22368667,8,2.4,1.61483
20537,Jordan Flores,1,16,12,2024,1,33.89378,-118.49723333,3,6.6,4.40106
14382,Joan Jones,1,16,12,2024,1,33.93602,-118.51433,5,7.7,5.11921
43362,Mrs. Amanda Harris,1,16,12,2024,1,33.76706,-118.36046,4,12.3,8.2227
99172,Melissa Hoffman,1,16,12,2024,1,33.85154,-118.42884667,3,1.4,0.95083
93949,Grant Williams,1,16,12,2024,1,34.21058,-118.22368667,11,46.8,31.2135
95447,Andrew Garza,1,16,12,2024,1,34.0205,-118.46304,6,2.9,1.93606
10432,Kristina Jackson,1,16,12,2024,1,34.3373,-118.29207333,11,66.7,44.45085
71986,Bobby Franklin,1,16,12,2024,1,33.74594,-118.58271667,2,0.5,0.36385
33382,Jordan Faulkner,1,16,12,2024,1,34.06274,-118.51433,9,2.9,1.92053
59733,Mrs. Amy Horton,1,16,12,2024,1,33.93602,-118.22368667,8,1.1,0.72732
21779,Cameron Henderson,1,16,12,2024,1,33.8093,-118.46304,1,5.6,3.72722
37812,Sarah Campos,1,16,12,2024,1,33.8093,-118.53142667,1,3.5,2.34058
38958,William Jimenez,1,16,12,2024,1,33.99938,-118.48013667,5,4.1,2.72095
32743,Stefanie Cunningham,1,16,12,2024,1,33.99938,-118.34336333,6,1.0,0.63725
83977,Isabel Thomas,1,16,12,2024,1,33.99938,-118.18949333,8,12.9,8.58865
90854,Shannon Fields,1,16,12,2024,1,33.89378,-118.54852333,2,1.4,0.91306
14635,Randy Powell,1,16,12,2024,1,33.89378,-118.44594333,3,3.2,2.10865
92495,Marisa Cameron,1,16,12,2024,1,33.93602,-118.48013667,5,2.2,1.49439
40280,Alex Castro,1,16,12,2024,1,33.85154,-118.59981333,2,1.0,0.66295
49537,Sandra Mccoy,1,16,12,2024,1,33.8093,-118.39465333,1,11.7,7.77593
14514,Stephanie Johnson,1,16,12,2024,1,33.78818,-118.58271667,2,1.2,0.82289
35647,Brandon Berger,1,16,12,2024,1,33.97826,-118.30917,7,3.2,2.13047
45105,Tracey Rodriguez,1,16,12,2024,1,33.8093,-118.49723333,1,3.6,2.38058
53757,Mary Castro,1,16,12,2024,1,33.89378,-118.32626667,4,3.0,2.00717
50778,Julie Hunter,1,16,12,2024,1,33.76706,-118.29207333,4,13.4,8.93938
11809,Angela Ramirez,1,16,12,2024,1,34.1261,-118.48013667,9,7.7,5.15652
58213,Meghan Austin,1,16,12,2024,1,34.29506,-118.25788,11,57.5,38.30849
79307,Michael Johnston,1,16,12,2024,1,34.16834,-118.29207333,11,42.4,28.27346
98850,Stephanie Orr MD,1,16,12,2024,1,33.76706,-118.54852333,1,8.3,5.55154
20966,Vincent West,1,16,12,2024,1,33.95714,-118.36046,6,7.2,4.79541
52423,Mrs. Lindsey Conner,1,16,12,2024,1,33.85154,-118.59981333,2,1.4,0.9529
57293,Judith Banks,1,16,12,2024,1,33.93602,-118.25788,7,4.1,2.75001
68205,Francisco Meyers,1,16,12,2024,1,33.87266,-118.37755667,4,4.5,3.02907
32691,Vanessa Turner MD,1,16,12,2024,1,33.83042,-118.53142667,3,3.8,2.5293
19062,Kelly Esparza,1,16,12,2024,1,33.97826,-118.48013667,5,1.8,1.22241
10282,Barbara Richards MD,1,16,12,2024,1,33.8093,-118.63400667,2,6.7,4.49505
93605,Dr. Brian Williams,1,16,12,2024,1,34.06274,-118.36046,10,1.2,0.81242
76337,Helen Bailey,1,16,12,2024,1,33.89378,-118.29207333,4,2.4,1.60487
72547,Joshua Soto,1,16,12,2024,1,33.95714,-118.44594333,6,2.0,1.34975
75275,Daniel Moss,1,16,12,2024,1,33.9149,-118.39465333,3,1.0,0.67532
81744,James Wilkerson,1,16,12,2024,1,34.04162,-118.39465333,9,2.1,1.40944
15085,Chelsea Alvarez,1,16,12,2024,1,33.85154,-118.6682,2,4.5,2.99373
85570,Emily Austin,1,16,12,2024,1,33.95714,-118.34336333,6,6.1,4.07582
80841,Cindy Mann,1,16,12,2024,1,34.1261,-118.46304,9,1.2,0.82507
37931,James Cooper,1,16,12,2024,1,34.04162,-118.49723333,9,11.0,7.31298
34274,Roberto Klein,1,16,12,2024,1,33.97826,-118.27497667,7,5.2,3.45661
49797,Laura Smith,1,16,12,2024,1,33.83042,-118.42884667,3,6.7,4.4517
24953,Michael Navarro,1,16,12,2024,1,34.3373,-118.30917,11,63.3,42.20308
53509,Pamela Welch,1,16,12,2024,1,33.87266,-118.46304,3,1.6,1.04052
15049,Tyler Williams,1,16,12,2024,1,33.99938,-118.37755667,6,2.1,1.40959
43297,Jessica Wood,1,16,12,2024,1,34.06274,-118.29207333,10,3.0,2.01249
41547,Jamie Russell,1,16,12,2024,1,33.87266,-118.44594333,3,0.7,0.48621
73792,Angelica Fernandez,1,16,12,2024,1,34.14722,-118.29207333,11,37.4,24.92914
24529,Corey Barnes,1,16,12,2024,1,33.87266,-118.46304,3,2.0,1.34505
76506,Lisa Parrish,1,16,12,2024,1,33.76706,-118.51433,1,1.1,0.71893
41780,Elizabeth Hayes,1,16,12,2024,1,33.9149,-118.54852333,2,12.5,8.32086
82459,Michael Glass,1,16,12,2024,1,34.0205,-118.27497667,7,7.5,5.02797
78172,Tara Thomas,1,16,12,2024,1,34.0205,-118.32626667,6,6.5,4.33452
97784,Gregory Estrada,1,16,12,2024,1,34.08386,-118.39465333,9,1.9,1.25699
86458,Edward Alexander,1,16,12,2024,1,33.89378,-118.39465333,3,3.1,2.06747
44458,Melanie Evans,1,16,12,2024,1,34.06274,-118.24078333,10,11.2,7.48521
83011,Kurt Lopez,1,16,12,2024,1,33.9149,-118.36046,4,5.0,3.31922
83607,Emily Hogan,1,16,12,2024,1,34.10498,-118.30917,10,1.0,0.69241
47603,Toni Chung,1,16,12,2024,1,33.9149,-118.46304,3,2.8,1.87926
89748,Keith Schwartz,1,16,12,2024,1,33.99938,-118.30917,7,2.1,1.40926
26735,Lisa Morton,1,16,12,2024,1,33.95714,-118.30917,7,4.3,2.8527
94809,Donald Williams,1,16,12,2024,1,33.78818,-118.29207333,4,14.2,9.47089
25490,Jessica Rogers,1,16,12,2024,1,33.85154,-118.65110333,2,9.8,6.51012
52677,Paul Ortiz,1,16,12,2024,1,33.9149,-118.41175,3,6.0,3.99775
68770,Sydney Wilson,1,16,12,2024,1,33.95714,-118.32626667,6,7.7,5.16601
69199,Michael Watson,1,16,12,2024,1,34.10498,-118.27497667,10,8.2,5.45231
48169,Jose Chase,1,16,12,2024,1,34.3373,-118.27497667,11,63.1,42.08571
83370,Eric Johnson,1,16,12,2024,1,34.08386,-118.30917,10,2.0,1.36014
22449,Paula Sawyer,1,16,12,2024,1,33.87266,-118.53142667,3,7.7,5.13691
50956,Courtney Hart,1,16,12,2024,1,33.76706,-118.48013667,1,0.8,0.55593
10835,Andre Alexander,1,16,12,2024,1,33.99938,-118.20659,8,12.4,8.27471
78966,Joe Tucker,1,16,12,2024,1,33.76706,-118.44594333,1,2.3,1.54186
81153,Becky Wilson,1,16,12,2024,1,33.76706,-118.59981333,2,1.4,0.92167
34363,Monique Chapman,1,16,12,2024,1,34.10498,-118.30917,10,0.8,0.52158
62813,James Parker,1,16,12,2024,1,34.10498,-118.41175,9,0.2,0.1236
61071,Donna Harmon,1,16,12,2024,1,33.85154,-118.34336333,4,6.3,4.17412
20064,Elizabeth Mclaughlin,1,16,12,2024,1,33.76706,-118.46304,1,2.1,1.39008
71055,Scott Cisneros,1,16,12,2024,1,34.04162,-118.30917,10,9.8,6.53847
99708,Brandi Cross,1,16,12,2024,1,33.76706,-118.42884667,1,14.4,9.57979
29916,Samantha Cochran,1,16,12,2024,1,34.08386,-118.49723333,9,7.2,4.80243
53375,Timothy Foster,1,16,12,2024,1,33.99938,-118.41175,6,1.7,1.15486
56129,Michael Davis,1,16,12,2024,1,34.2317,-118.25788,11,50.7,33.77612
82680,Kimberly Wagner,1,16,12,2024,1,33.9149,-118.51433,3,1.6,1.09188
32349,Eugene Schultz,1,16,12,2024,1,33.72482,-118.46304,1,3.1,2.04679
91335,Mark Davidson,1,16,12,2024,1,34.0205,-118.32626667,6,7.0,4.65867
90593,Dr. Michaela Ruiz,1,16,12,2024,1,34.1261,-118.46304,9,2.4,1.60419
45299,John Stewart PhD,1,16,12,2024,1,34.0205,-118.30917,7,5.0,3.32286
38901,April Jimenez,1,16,12,2024,1,34.16834,-118.30917,11,8.3,5.5205
52867,Andrew Molina,1,16,12,2024,1,34.0205,-118.29207333,7,8.1,5.38413
56154,Christina Watson,1,16,12,2024,1,33.9149,-118.22368667,8,2.0,1.331
89367,Julia Roach,1,16,12,2024,1,33.93602,-118.42884667,6,1.1,0.72918
17730,Kyle Turner,1,16,12,2024,1,33.78818,-118.48013667,1,1.1,0.71662
74276,Jose Hull,1,16,12,2024,1,33.85154,-118.61691,2,3.2,2.13951
18714,Keith Brady,1,16,12,2024,1,33.83042,-118.59981333,2,1.9,1.29654
61456,Jeremy Pierce,1,16,12,2024,1,34.06274,-118.49723333,9,8.7,5.82746
96695,Michael Arnold,1,16,12,2024,1,33.95714,-118.56562,5,0.6,0.38833
53579,Grace Valenzuela,1,16,12,2024,1,34.1261,-118.27497667,10,10.7,7.11613
83829,Erica Miller,1,16,12,2024,1,33.76706,-118.41175,1,12.7,8.47219
14141,Robin Smith,1,16,12,2024,1,34.27394,-118.30917,11,58.9,39.29747
27003,Anthony Jones,1,16,12,2024,1,33.7037,-118.48013667,1,2.6,1.71031
54880,Todd Wheeler,1,16,12,2024,1,33.95714,-118.1553,8,22.6,15.08185
12625,Sarah Huerta,1,16,12,2024,1,33.83042,-118.61691,2,1.6,1.03477
40080,Anthony Medina,1,16,12,2024,1,33.9149,-118.49723333,3,7.7,5.10378
92040,John Reed,1,16,12,2024,1,33.95714,-118.41175,6,5.9,3.90395
43189,Kristin Arnold,1,16,12,2024,1,33.7037,-118.41175,1,12.3,8.17512
63086,Jonathan Conley,1,16,12,2024,1,33.76706,-118.39465333,1,11.2,7.48836
82638,Donna Davis,1,16,12,2024,1,33.93602,-118.39465333,6,8.4,5.63309
99032,Shari Graham,1,16,12,2024,1,34.06274,-118.41175,9,2.6,1.70355
39606,Levi Hicks,1,16,12,2024,1,33.93602,-118.41175,6,2.4,1.61439
20844,Johnathan Gibson,1,16,12,2024,1,34.04162,-118.36046,10,1.6,1.06686
39862,David Jackson,1,16,12,2024,1,33.93602,-118.46304,6,1.7,1.15901
48388,Sharon Spencer,1,16,12,2024,1,33.9149,-118.30917,4,7.0,4.64667
50804,Jacqueline Hawkins,1,16,12,2024,1,33.87266,-118.56562,2,2.4,1.61673
28880,Annette Lara,1,16,12,2024,1,34.29506,-118.27497667,11,55.4,36.91986
49624,Kyle Coleman,1,16,12,2024,1,33.85154,-118.39465333,3,4.1,2.74078
75958,Jessica Gonzalez,1,16,12,2024,1,34.0205,-118.48013667,5,14.9,9.95912
57637,Janet Morris,1,16,12,2024,1,33.87266,-118.36046,4,6.0,3.97941
11956,Dwayne Bryan,1,16,12,2024,1,34.0205,-118.37755667,6,0.8,0.5621
12656,Samantha Lopez,1,16,12,2024,1,33.97826,-118.53142667,5,3.7,2.44938
62384,Ronnie Petersen,1,16,12,2024,1,34.16834,-118.29207333,11,46.5,30.97534
52657,Jordan Lopez,1,16,12,2024,1,33.89378,-118.42884667,3,9.3,6.17826
28938,Andrew Sanchez,1,16,12,2024,1,33.83042,-118.32626667,4,11.6,7.73483
53605,Sandra Espinoza,1,16,12,2024,1,34.10498,-118.42884667,9,6.6,4.4149
91490,Melissa Green,1,16,12,2024,1,34.06274,-118.37755667,9,2.3,1.50247
67616,Linda Wright,1,16,12,2024,1,33.8093,-118.29207333,4,8.0,5.30505
24718,Timothy Proctor,1,16,12,2024,1,34.08386,-118.32626667,10,0.9,0.60536
